workorder num,workorder url,actual code,exsisting code,after update code,update status,tax rate difference,due amount
11045,https://login.fieldedge.com/#/DispatchSummary/a2d4a739-b21b-41bc-8bd4-2d0e4e01c0c5/c70bee45-75da-4bb3-aa2d-faeea82c0dd7,2720,EDGEWOOD-2720 10% Tax Code-inactive,EDGEWOOD-2720 10% Tax Code-inactive,skipped,+0.10%,$0.00
11065,https://login.fieldedge.com/#/DispatchSummary/d56639db-3e21-43c3-8a93-3795d4f6919a/f726b678-83ed-4ba3-b8cb-30975ca80774,2709,*2727 - Pierce- 10.1% Tax Code,*2709 - Milton - 10.1% Tax Code,new update,0.00%,$0.00
11052,https://login.fieldedge.com/#/DispatchSummary/104fa77c-21c4-4c9e-b95f-eca31310d580/66d24594-e7d8-4942-8b52-0f4f8d53fe50,2720,EDGEWOOD - 2720 Tax Code872-inactive,EDGEWOOD - 2720 Tax Code872-inactive,skipped,+10.10%,$0.00
11084,https://login.fieldedge.com/#/DispatchSummary/58e40a97-1e5c-48d6-a511-051792ce8dcb/d46cbecc-2a80-486f-bf4a-87939c1b2949,2720,EDGEWOOD-2720 10% Tax Code,EDGEWOOD-2720 10% Tax Code,not edidtable,+0.10%,$0.00
11077,https://login.fieldedge.com/#/DispatchSummary/a2b205c5-2296-427e-8bba-986b4a514cf1/c77e0107-e726-4e95-bbd2-9b55f38165bc,2727,*2727 - Pierce- 10.1% Tax Code,*2727 - Pierce- 10.1% Tax Code,skipped,0.00%,$0.00
11088,https://login.fieldedge.com/#/DispatchSummary/a8ff62a4-840b-4983-94ca-9be6d6aa252c/4b83c2d3-89b0-4216-b7f4-5e2b6ce5b238,2720,*2720 - Edgewood - 10.1% Tax Code,*2720 - Edgewood - 10.1% Tax Code,skipped,0.00%,$0.00
11074,https://login.fieldedge.com/#/DispatchSummary/827a1a0b-3b96-477a-a42c-d35e3b4b55cc/3049710d-b2e2-491f-b484-e42ba8b1550c,2700,*2700-Pierce- 9.5% Tax Code,*2700-Pierce- 9.5% Tax Code,skipped,0.00%,$0.00
11098,https://login.fieldedge.com/#/DispatchSummary/7f0e6ee5-2a33-48a2-b3d1-313aac43c921/682646ee-3e04-4c93-aee0-c284c3fc11a2,2701,*2701 - Bonney Lake - 9.5% Tax Code,*2701 - Bonney Lake - 9.5% Tax Code,skipped,0.00%,$0.00
10997,https://login.fieldedge.com/#/DispatchSummary/ceb0252e-c14e-406b-89cc-df5dfb35731c/8a7b47fb-bef5-483c-9a71-b0cb334be7d9,4100,*4100 - Pierce- 8.1% Tax Code,*4100 - Pierce- 8.1% Tax Code,skipped,0.00%,$0.00
11100,https://login.fieldedge.com/#/DispatchSummary/8e4852a4-df3f-4e3b-ae9f-4bb14b82ca6b/22ad882a-e0d3-432d-a526-4921c6351ab8,2717,*2727 - Pierce- 10.1% Tax Code,*2717 - Tacoma - 10.4% Tax Code,new update,+0.30%,$2.26
11081,https://login.fieldedge.com/#/DispatchSummary/abba3e45-bc52-4a0e-930e-d10d80ad7bde/323c32d4-b82a-4371-9b46-f0396534464d,2700,PIERCE - 2727 Tax Code844-inactive,*2700-Pierce- 9.5% Tax Code,new update,+9.50%,$0.00
11112,https://login.fieldedge.com/#/DispatchSummary/49a8cc09-38b5-45b7-8035-ad0e358f0f8c/cb0bed6f-3ef8-499f-9218-8feb3ae73b1a,2707,UNIVERSITY PLACE 10% Tax Code-inactive,*2707 - Fircrest -10.1% Tax Code,new update,+0.10%,$0.00
11111,https://login.fieldedge.com/#/DispatchSummary/32d80314-bf1d-4ec8-8720-b8c8310c0091/cd92324c-ede3-4f0b-be0f-2ee1a34a68e5,2700,*2700-Pierce- 9.5% Tax Code,*2700-Pierce- 9.5% Tax Code,skipped,0.00%,$0.00
11080,https://login.fieldedge.com/#/DispatchSummary/79516972-f211-4b4a-96ae-f677d6b34957/bfb8f2ba-ae77-49d9-bff2-3289163f1b24,2727,*2727 - Pierce- 10.1% Tax Code,*2727 - Pierce- 10.1% Tax Code,skipped,0.00%,$0.00
11095,https://login.fieldedge.com/#/DispatchSummary/a9483055-d55e-435d-90f8-3eb399f6f71f/241ea398-94b4-4a78-89f5-430f860cfc02,2700,*2700-Pierce- 9.5% Tax Code,*2700-Pierce- 9.5% Tax Code,skipped,0.00%,$0.00
11108,https://login.fieldedge.com/#/DispatchSummary/e1e67e4b-e7ae-47d7-b275-a0c54c991d55/13fb0335-e8cf-45d0-b8ed-ef0433bbf098,2700,PIERCE CO RTA-2700-eff 04/17 Tax Cod-inactive,PIERCE CO RTA-2700-eff 04/17 Tax Cod-inactive,skipped,+9.50%,$0.00
11093,https://login.fieldedge.com/#/DispatchSummary/8d2f161f-73ea-4f87-a448-6fa5a9b44787/ab31c1b1-a6be-4287-8fc6-71425c38b2dc,2727,*2727 - Pierce- 10.1% Tax Code,*2727 - Pierce- 10.1% Tax Code,skipped,0.00%,$0.00
11113,https://login.fieldedge.com/#/DispatchSummary/860073bc-faef-4899-92f1-431bf9bcd085/0f5f0519-1112-487a-b250-4a1e93d5ea97,2700,PIERCE CO RTA-2700-eff 04/17 Tax Cod-inactive,PIERCE CO RTA-2700-eff 04/17 Tax Cod-inactive,skipped,+9.50%,$0.00
11126,https://login.fieldedge.com/#/DispatchSummary/8bacf1d4-6a05-41d3-acaa-6ff0411f370e/8dad9fa3-de75-4a58-83cb-d940924bdc45,2700,*2700-Pierce- 9.5% Tax Code,*2700-Pierce- 9.5% Tax Code,skipped,0.00%,$0.00
11048,https://login.fieldedge.com/#/DispatchSummary/88b04a92-9386-470b-8956-00b97fc2be3c/1a7b5178-f477-4508-8207-7cca9420f3b1,1702,*AUBURN - 1702 - 10.3.% Tax Code992-inactive,*AUBURN - 1702 - 10.3.% Tax Code992-inactive,skipped,+0.10%,$0.00
11101,https://login.fieldedge.com/#/DispatchSummary/48b7424c-7f7e-46e8-97eb-ba4c248dd48e/32769382-5d73-4ea8-9625-0159ecc15359,4000,*KING - 4000 - 8.8.% Tax Code1013-inactive,*KING - 4000 - 8.8.% Tax Code1013-inactive,skipped,+0.10%,$0.00
11105,https://login.fieldedge.com/#/DispatchSummary/88a7dfc4-eadd-4c5a-b60d-f22555efb086/32628430-aca4-4603-8453-b9ff422ab4b7,1732,*FEDERAL WAY - 1732 -10.2.% Tax Code1005-inactive,*FEDERAL WAY - 1732 -10.2.% Tax Code1005-inactive,skipped,+0.10%,$0.00
11115,https://login.fieldedge.com/#/DispatchSummary/418465b3-6094-4989-95f2-04b339527174/08fea1f3-fed9-4083-8d87-60dbe5b46dae,2727,*2727 - Pierce- 10.1% Tax Code,*2727 - Pierce- 10.1% Tax Code,skipped,0.00%,$0.00
11097,https://login.fieldedge.com/#/DispatchSummary/4c8669d7-470c-4870-8b2e-ba100beee3a8/0ec01c12-a655-474e-b136-0b28ef17728e,4100,*4100 - Pierce- 8.1% Tax Code,*4100 - Pierce- 8.1% Tax Code,skipped,0.00%,$0.00
11118,https://login.fieldedge.com/#/DispatchSummary/2f5ab054-fe5a-4ec5-9a86-9d6eed3b2b62/c4f4d695-ce25-4957-996e-b85b35c134c0,2700,*2727 - Pierce- 10.1% Tax Code,*2700-Pierce- 9.5% Tax Code,new update,-0.60%,-$7.45
11129,https://login.fieldedge.com/#/DispatchSummary/59b594ba-53e8-44b1-921a-b223fac61025/bdb6ec57-24a1-434c-911d-fab9ab7d6463,2727,*2727 - Pierce- 10.1% Tax Code,*2727 - Pierce- 10.1% Tax Code,skipped,0.00%,$0.00
11133,https://login.fieldedge.com/#/DispatchSummary/1b6be291-8a69-493f-b8cc-53b57427721a/15b53626-4bbc-48ea-92da-3af0e7c5d84d,2700,*2727 - Pierce- 10.1% Tax Code,*2700-Pierce- 9.5% Tax Code,new update,-0.60%,$0.00
11087,https://login.fieldedge.com/#/DispatchSummary/640e93de-f586-4f49-ae2f-9489538e5d58/4f2d346a-bcf5-41a1-b7c1-bec0853a8700,2727,*2727 - Pierce- 10.1% Tax Code,*2727 - Pierce- 10.1% Tax Code,skipped,0.00%,$0.00
11136,https://login.fieldedge.com/#/DispatchSummary/b58086f0-f6ab-4a55-aa3d-df3ad7bb61ab/0331a375-5a75-4349-a49a-eee8419a0ea3,2700,*2700-Pierce- 9.5% Tax Code,*2700-Pierce- 9.5% Tax Code,skipped,0.00%,$0.00
11143,https://login.fieldedge.com/#/DispatchSummary/7defa20e-1bed-4323-901b-083a5bbb0b27/83bf792c-333e-407e-9b09-7900f2a0275c,2700,*2700-Pierce- 9.5% Tax Code,*2700-Pierce- 9.5% Tax Code,skipped,0.00%,$0.00
11119,https://login.fieldedge.com/#/DispatchSummary/9a53ec83-1e52-4c2f-95c8-9e848acb17f7/e0003321-4676-4987-9862-3c087f133a77,2700,*2700-Pierce- 9.5% Tax Code,*2700-Pierce- 9.5% Tax Code,skipped,0.00%,$0.00
11139,https://login.fieldedge.com/#/DispatchSummary/bb8564ac-1466-43ea-82b7-8b29c4fad615/2a7ad933-9163-4f55-b62a-c3b44f426a5a,2727,*2727 - Pierce- 10.1% Tax Code,*2727 - Pierce- 10.1% Tax Code,skipped,0.00%,$0.00
11141,https://login.fieldedge.com/#/DispatchSummary/d1d3e377-ba4d-4986-9725-cff99cfe8edf/e116ed7f-08a3-499d-a03f-f7d921438fa3,2700,PIERCE - 2727 Tax Code844-inactive,*2700-Pierce- 9.5% Tax Code,new update,+9.50%,$0.00
11104,https://login.fieldedge.com/#/DispatchSummary/71317020-cb45-4bf5-a56c-4293b5db74b0/c32f7cb1-6b8d-443e-a71e-b70f4e52e6b8,1734,*BURIEN - 1734 -10.2.% Tax Code998-inactive,*BURIEN - 1734 -10.2.% Tax Code998-inactive,skipped,+0.10%,$0.00
11149,https://login.fieldedge.com/#/DispatchSummary/1aa5968f-eed2-4b51-91d0-50344da504aa/70da8fde-ede9-4b8a-8a3a-d22e9ff5ae33,2745,*2745 - Puyallup Tribe- 10.1% Tax Co,*2745 - Puyallup Tribe- 10.1% Tax Co,skipped,0.00%,$0.00
11116,https://login.fieldedge.com/#/DispatchSummary/63274c86-a2f9-4e34-8340-e4e4f871be89/13edcbe8-6964-42b5-b526-ffc138c120a9,4100,*4100 - Pierce- 8.1% Tax Code,*4100 - Pierce- 8.1% Tax Code,skipped,0.00%,$0.00
11138,https://login.fieldedge.com/#/DispatchSummary/06de3d9c-ce4b-464c-ab65-9a7fe8e361d7/83f213a4-587b-49c7-a115-921b19a38b3e,2700,*2700-Pierce- 9.5% Tax Code,*2700-Pierce- 9.5% Tax Code,skipped,0.00%,$0.00
11148,https://login.fieldedge.com/#/DispatchSummary/43ed09c7-922c-4d41-a650-9cb49d5e05ab/78110f02-8c05-46e4-8cea-945cac4f80cc,2700,PIERCE CO RTA-2700-eff 07/23 Tax Cod-inactive,PIERCE CO RTA-2700-eff 07/23 Tax Cod-inactive,skipped,+9.50%,$0.00
11156,https://login.fieldedge.com/#/DispatchSummary/023fc3e4-9f76-423a-8ca0-a5b34b9da053/fde54029-967e-46a3-9273-d29e636d9770,2701,*2701 - Bonney Lake - 9.5% Tax Code,*2701 - Bonney Lake - 9.5% Tax Code,skipped,0.00%,$0.00
11151,https://login.fieldedge.com/#/DispatchSummary/830d6b56-674c-4e37-b936-8d8a1adb4e33/28b52454-aff6-479b-b175-7f43a5f1bf5b,2700,*2700-Pierce- 9.5% Tax Code,*2700-Pierce- 9.5% Tax Code,skipped,0.00%,$0.00
11158,https://login.fieldedge.com/#/DispatchSummary/aa885bcb-2cec-47a4-9753-92673d25e65a/58d37401-107b-4b4f-b8b6-e4d0efa2f145,2727,*2727 - Pierce- 10.1% Tax Code,*2727 - Pierce- 10.1% Tax Code,skipped,0.00%,$0.00
11162,https://login.fieldedge.com/#/DispatchSummary/d2fb584b-ceb7-4528-87cc-49bda6ec34e3/218e7524-e643-481d-995b-f08157cee086,2700,PIERCE - 2700 Tax Code842-inactive,PIERCE - 2700 Tax Code842-inactive,skipped,+9.50%,$0.00
11163,https://login.fieldedge.com/#/DispatchSummary/43a3c3ef-925d-407a-85bc-ff2ef07d91f3/1de0ce4b-4c7e-4a78-851a-c0377ffc5595,2700,*2700-Pierce- 9.5% Tax Code,*2700-Pierce- 9.5% Tax Code,skipped,0.00%,$0.00
11155,https://login.fieldedge.com/#/DispatchSummary/ec24ac7f-8ca7-4c20-8f19-715ce7c6a563/a96fdcd3-cef4-45b4-a585-74e4aa7192e0,2700,*2700-Pierce- 9.5% Tax Code,*2700-Pierce- 9.5% Tax Code,skipped,0.00%,$0.00
11157,https://login.fieldedge.com/#/DispatchSummary/74eb6f10-9abe-47fb-bca8-ccb97ea36ed2/14a5fd86-1e4f-47a3-b35e-10318dfe3d13,1732,*FEDERAL WAY - 1732 -10.2.% Tax Code1005-inactive,*FEDERAL WAY - 1732 -10.2.% Tax Code1005-inactive,skipped,+0.10%,$0.00
11106,https://login.fieldedge.com/#/DispatchSummary/b03ba857-cb4f-4cc8-be59-9458c9e05093/52d7936c-7edd-45ab-b143-7faad738dc51,2700,*2727 - Pierce- 10.1% Tax Code,*2700-Pierce- 9.5% Tax Code,new update,-0.60%,-$5.14
11170,https://login.fieldedge.com/#/DispatchSummary/ab65cd83-d06d-4c9e-91e6-31f0d20295dd/68381330-3716-4f4a-97d8-c27dd4dee4e6,2700,PIERCE - 2700 Tax Code842-inactive,PIERCE - 2700 Tax Code842-inactive,skipped,+9.50%,$0.00
11173,https://login.fieldedge.com/#/DispatchSummary/195e0bce-e061-49ff-bb2b-bd5552a5b108/d5a65d4a-e3d9-429e-9e04-cf98a8a3a552,2700,*2700-Pierce- 9.5% Tax Code,*2700-Pierce- 9.5% Tax Code,skipped,0.00%,$0.00
11179,https://login.fieldedge.com/#/DispatchSummary/cdc1234c-d181-4d42-8ef4-ae958316546c/18ea9e2f-d44f-4276-befe-f9d6c2110355,2700,*2700-Pierce- 9.5% Tax Code,*2700-Pierce- 9.5% Tax Code,skipped,0.00%,$0.00
11188,https://login.fieldedge.com/#/DispatchSummary/efc9edc1-2808-4220-a1c7-6578e04c0d94/5b6b840f-6d3c-40e9-9fed-90b76a9a7ac0,2717,TACOMA-2717-eff 07/21.-inactive,TACOMA-2717-eff 07/21.-inactive,skipped,+10.40%,$0.00
11187,https://login.fieldedge.com/#/DispatchSummary/8a82e8e8-375e-4726-a089-ed5d5a3b69b8/d6410c4f-9691-463d-a785-2a5ce024df12,2727,*2727 - Pierce- 10.1% Tax Code,*2727 - Pierce- 10.1% Tax Code,skipped,0.00%,$0.00
11192,https://login.fieldedge.com/#/DispatchSummary/7c405e3a-496b-497b-8002-19f1c545b866/fbb41626-dd2a-4951-8625-ec17c66e2849,2727,*2727 - Pierce- 10.1% Tax Code,*2727 - Pierce- 10.1% Tax Code,skipped,0.00%,$0.00
11196,https://login.fieldedge.com/#/DispatchSummary/9113754a-31b4-42cc-9ba1-627d5fbc4c7e/08fe36e4-3871-4d0a-b148-7fed53807d4e,2719,UNIVERSITY PLACE - 2719 Tax Code835-inactive,UNIVERSITY PLACE - 2719 Tax Code835-inactive,skipped,+10.10%,$0.00
11146,https://login.fieldedge.com/#/DispatchSummary/890fb10e-4394-446f-b317-ed490a9dec5a/da6349b7-c247-491e-9e26-1def3dcb165d,2727,*2727 - Pierce- 10.1% Tax Code,*2727 - Pierce- 10.1% Tax Code,skipped,0.00%,$0.00
11194,https://login.fieldedge.com/#/DispatchSummary/f4eb92d9-89c4-4c5d-80b9-2c53c75098a3/7c9ab18a-a042-4477-b1fd-8de2e02be641,4100,PRCE CO NO RTA-4100-GROUP Tax Code-inactive,PRCE CO NO RTA-4100-GROUP Tax Code-inactive,skipped,+8.10%,$0.00
11180,https://login.fieldedge.com/#/DispatchSummary/71eeca6f-a9fc-4d85-be5b-20ddc16a9381/7cc86bba-8ddf-4426-936b-6dfa97ef90eb,2727,*2727 - Pierce- 10.1% Tax Code,*2727 - Pierce- 10.1% Tax Code,skipped,0.00%,$0.00
11206,https://login.fieldedge.com/#/DispatchSummary/08543b5c-c128-45de-8edb-dee69dc1fd4f/39ef0145-6125-4d87-b5be-9f733b297d87,2727,*2727 - Pierce- 10.1% Tax Code,*2727 - Pierce- 10.1% Tax Code,skipped,0.00%,$0.00
11201,https://login.fieldedge.com/#/DispatchSummary/a0dbff94-10bf-46a3-af1e-e25663763429/e209fc40-8f82-47c1-bf0f-f82bdb754d79,2700,*2720 - Edgewood - 10.1% Tax Code,*2720 - Edgewood - 10.1% Tax Code,not edidtable,-0.60%,$724.46
11205,https://login.fieldedge.com/#/DispatchSummary/c5ec3385-1164-4cca-8ea4-42270376b426/aaaca2a1-2dc6-4b33-8079-ef88d84b63d3,2700,*2700-Pierce- 9.5% Tax Code,*2700-Pierce- 9.5% Tax Code,skipped,0.00%,$0.00
10992,https://login.fieldedge.com/#/DispatchSummary/43e93705-f76c-470b-9287-bd10340e3d1c/9a2a0609-cd03-452d-818a-24f49d761fe2,2700,PIERCE CO RTA-2700-eff 04/17 Tax Cod-inactive,PIERCE CO RTA-2700-eff 04/17 Tax Cod-inactive,skipped,+9.50%,$0.00
11189,https://login.fieldedge.com/#/DispatchSummary/f4025b5f-c1c4-4ba4-90c4-12edfcd85402/b6c50370-71dd-4224-bed8-bf26421d6fb2,2700,*2700-Pierce- 9.5% Tax Code,*2700-Pierce- 9.5% Tax Code,skipped,0.00%,$0.00
11212,https://login.fieldedge.com/#/DispatchSummary/16f2f078-ab63-4755-82d2-9aee2290c564/82da438b-2272-4c09-950e-4fec831b93d5,2727,*2727 - Pierce- 10.1% Tax Code,*2727 - Pierce- 10.1% Tax Code,skipped,0.00%,$0.00
11224,https://login.fieldedge.com/#/DispatchSummary/a2d25e99-5486-48ea-9dae-8edef5712cdf/4de06fe3-d1a1-422d-bcb9-9c629af06c5c,2727,*2727 - Pierce- 10.1% Tax Code,*2727 - Pierce- 10.1% Tax Code,skipped,0.00%,$0.00
11213,https://login.fieldedge.com/#/DispatchSummary/9df011ad-c7b7-428f-999e-4342ac34bb61/4c561ab0-e42e-4333-b4a1-d80ac49615c1,2711,*PUYALLUP - 2711 -10.1.% Tax Code979-inactive,*PUYALLUP - 2711 -10.1.% Tax Code979-inactive,skipped,+0.10%,$0.00
11211,https://login.fieldedge.com/#/DispatchSummary/e0145421-cdaf-46df-9b0d-8bb081b15e29/d8bd8ca7-662e-4274-92e7-569bd93b2f55,4100,PRCE CO NO RTA-4100-GROUP Tax Code-inactive,PRCE CO NO RTA-4100-GROUP Tax Code-inactive,skipped,+8.10%,$0.00
11215,https://login.fieldedge.com/#/DispatchSummary/4ac145cd-0505-4307-8dd0-4f15086cd1f3/8cc05fc0-76c3-4797-b563-73705d9ec4c1,2727,*2727 - Pierce- 10.1% Tax Code,*2727 - Pierce- 10.1% Tax Code,skipped,0.00%,$0.00
11223,https://login.fieldedge.com/#/DispatchSummary/0104c3f3-df29-4556-a63e-324aece42615/92a7fa8c-fcc9-40f6-b20c-11b223b05d4f,2716,WHOLESALE - HV RESALE821-inactive,*2716 - Sumner - 9.6% Tax Code,new update,+9.60%,$57.50
11193,https://login.fieldedge.com/#/DispatchSummary/207ed04f-d9c0-4521-ac1c-e0bf685898eb/bd619c95-c1b8-4bdd-9a44-4fdd02b4ea9c,4100,WHOLESALE - HV RESALE Tax Code-inactive,*4100 - Pierce- 8.1% Tax Code,new update,+8.10%,$48.52
11235,https://login.fieldedge.com/#/DispatchSummary/c857b5d3-0b86-4a4d-ab19-b79a8c871a26/ac077cf1-8bde-4b11-bbcc-6a2bf257fda3,2700,*2700-Pierce- 9.5% Tax Code,*2700-Pierce- 9.5% Tax Code,skipped,0.00%,$0.00
11237,https://login.fieldedge.com/#/DispatchSummary/18e926ea-db41-4575-9b45-864c38b58625/dce6ac18-0bc2-4858-b7b6-d52d707cb8ed,2727,*2700-Pierce- 9.5% Tax Code,*2727 - Pierce- 10.1% Tax Code,new update,+0.60%,$3.95
11243,https://login.fieldedge.com/#/DispatchSummary/792baf05-0084-4b63-9a84-193b07b0eff8/992ae6c2-574b-459f-9800-046afc42d0cd,2727,*2727 - Pierce- 10.1% Tax Code,*2727 - Pierce- 10.1% Tax Code,skipped,0.00%,$0.00
11244,https://login.fieldedge.com/#/DispatchSummary/61ee3e68-c462-48f1-9035-d82ed8b1f0a3/4b887566-787b-4a7f-87a5-47e489270f86,2700,*2700-Pierce- 9.5% Tax Code,*2700-Pierce- 9.5% Tax Code,skipped,0.00%,$0.00
11246,https://login.fieldedge.com/#/DispatchSummary/354a5863-8f5a-48a0-852f-daf22a76d72c/876b499f-f4c5-4568-8253-96fedf3a4c73,2700,*2700-Pierce- 9.5% Tax Code,*2700-Pierce- 9.5% Tax Code,skipped,0.00%,$0.00
11245,https://login.fieldedge.com/#/DispatchSummary/5fdb2486-429a-48c1-b1a0-9fca6fbeb84b/2d7d5c0e-19e2-4669-bf3b-e53eda3e1c7f,2700,*2700-Pierce- 9.5% Tax Code,*2700-Pierce- 9.5% Tax Code,skipped,0.00%,$0.00
11204,https://login.fieldedge.com/#/DispatchSummary/d0bc920a-ea3a-47f3-b3ed-75a2953ec903/6902c681-ed47-4669-80d3-58da4bd802b1,2700,PIERCE CO RTA-2700-GROUP Tax Code-inactive,PIERCE CO RTA-2700-GROUP Tax Code-inactive,skipped,+9.50%,$0.00
11249,https://login.fieldedge.com/#/DispatchSummary/a93d9826-313e-4772-ad73-64425d2fe2af/5cc78923-ba5f-4103-9284-d7b59eb331b8,2701,*2701 - Bonney Lake - 9.5% Tax Code,*2701 - Bonney Lake - 9.5% Tax Code,skipped,0.00%,$0.00
11086,https://login.fieldedge.com/#/DispatchSummary/03760bc2-6654-4dbc-a181-ae64124a17bb/58642f93-1a02-405a-a08a-5d8743446c19,4100,*4100 - Pierce- 8.1% Tax Code,*4100 - Pierce- 8.1% Tax Code,skipped,0.00%,$0.00
11254,https://login.fieldedge.com/#/DispatchSummary/af9816b9-bcf4-4899-a497-8d3d8490d75b/1dbb8f2c-b54b-4108-a1b4-ca39688da07b,2700,*4100 - Pierce- 8.1% Tax Code,*2700-Pierce- 9.5% Tax Code,new update,+1.40%,$4.89
11256,https://login.fieldedge.com/#/DispatchSummary/71ca8954-635c-4e08-8ac4-3ef5cad938a8/61db37ed-2ac2-44b2-8e8f-76f146cd8fba,4100,*4100 - Pierce- 8.1% Tax Code,*4100 - Pierce- 8.1% Tax Code,skipped,0.00%,$0.00
11241,https://login.fieldedge.com/#/DispatchSummary/1c20f619-8ad1-4fe3-bd9a-fab51a8d3635/5b832c50-8541-47e6-9685-cec5805b621f,2700,WHOLESALE - HV RESALE Tax Code-inactive,*2700-Pierce- 9.5% Tax Code,new update,+9.50%,$113.81
11264,https://login.fieldedge.com/#/DispatchSummary/b1bd57b6-2f37-4676-9b86-999ed2ef8cc3/337f2bef-cc61-4c97-8e5f-f3627812fa5c,4100,*4100 - Pierce- 8.1% Tax Code,*4100 - Pierce- 8.1% Tax Code,skipped,0.00%,$0.00
11277,https://login.fieldedge.com/#/DispatchSummary/dc21b103-9cba-4054-981f-3ea79ed9d430/fe503e1e-0695-4e76-b3ee-36aa3ee8b690,2700,PIERCE - 2727 Tax Code844-inactive,*2700-Pierce- 9.5% Tax Code,new update,+9.50%,-$2.75
11273,https://login.fieldedge.com/#/DispatchSummary/18d938e6-807b-4e09-86da-433d6b0ecad4/db590ca0-05d2-475a-b681-bc0bd38c4445,2716,PIERCE - 2727 Tax Code844-inactive,*2716 - Sumner - 9.6% Tax Code,new update,+9.60%,$0.00
11280,https://login.fieldedge.com/#/DispatchSummary/554bf94c-a70c-45d8-bc3b-80bd8088e26d/471a7e6c-0fe5-4bc1-8f74-12c9dd9cec0f,4100,*4100 - Pierce- 8.1% Tax Code,*4100 - Pierce- 8.1% Tax Code,skipped,0.00%,$0.00
11281,https://login.fieldedge.com/#/DispatchSummary/e550d02d-36f7-4c39-85b3-dcd494be64db/33d9f8fa-38a2-45fe-be4f-5489ec42cd44,4100,*4100 - Pierce- 8.1% Tax Code,*4100 - Pierce- 8.1% Tax Code,skipped,0.00%,$0.00
11282,https://login.fieldedge.com/#/DispatchSummary/b7d91e76-7524-4166-9ed0-4bb6e998bf6e/80630149-8e27-4758-a99a-cb1cce0b5600,2720,EDGEWOOD-2720 10% Tax Code-inactive,EDGEWOOD-2720 10% Tax Code-inactive,skipped,+0.10%,$0.00
11287,https://login.fieldedge.com/#/DispatchSummary/b0c0e344-56de-4488-b0ef-0476fcd79af3/734ac127-4fa2-4d0b-87c7-ba6cee372d87,4100,PRCE CO NO RTA-4100-GROUP Tax Code-inactive,PRCE CO NO RTA-4100-GROUP Tax Code-inactive,skipped,+8.10%,$0.00
11290,https://login.fieldedge.com/#/DispatchSummary/37490de2-94ce-4384-a8e5-5226dfce4075/87d9a22a-2920-4dae-8fa3-2f85cd24781a,2700,*2727 - Pierce- 10.1% Tax Code,*2727 - Pierce- 10.1% Tax Code,retry,-0.60%,$0.00
11298,https://login.fieldedge.com/#/DispatchSummary/665bdb14-3a5a-4fb0-8131-20d97293b597/62914b00-ef68-46dd-a7ed-0f5d85f4d291,2721,LAKEWOOD - 2721 Tax Code886-inactive,LAKEWOOD - 2721 Tax Code886-inactive,skipped,+10.10%,$0.00
11295,https://login.fieldedge.com/#/DispatchSummary/e5cb7fa6-5bc6-42fb-9a84-54d10b227a27/d1425ba2-be86-4235-b93a-f1c8bda61ae6,2700,*2700-Pierce- 9.5% Tax Code,*2700-Pierce- 9.5% Tax Code,skipped,0.00%,$0.00
11286,https://login.fieldedge.com/#/DispatchSummary/dcbb993a-73ff-4e6c-9845-11f5b7a105b1/99846530-1c2b-4c4c-a325-abf86c9b7033,2720,*2720 - Edgewood - 10.1% Tax Code,*2720 - Edgewood - 10.1% Tax Code,skipped,0.00%,$0.00
11293,https://login.fieldedge.com/#/DispatchSummary/0812560a-15df-416c-9154-9e44b11bce3a/ae4485d3-12eb-440b-b427-879befd3300a,4100,PIERCE - 4100 Tax Code845-inactive,PIERCE - 4100 Tax Code845-inactive,skipped,+8.10%,$0.00
11326,https://login.fieldedge.com/#/DispatchSummary/00f93f8a-ae2e-4508-8e3c-54ca2366052a/22b15054-d364-478e-956e-5ae2df38c9c5,1702,*AUBURN-4002 - 8.9.% Tax Code991-inactive,*1702 - Auburn - 10.4% Tax Code,new update,+1.50%,$10.64
11339,https://login.fieldedge.com/#/DispatchSummary/af9c243f-529d-4a7f-aa3f-057c28a3b245/4aec53d8-f309-455f-8055-2fbbd7858aa1,2720,*2720 - Edgewood - 10.1% Tax Code,*2720 - Edgewood - 10.1% Tax Code,skipped,0.00%,$0.00
11352,https://login.fieldedge.com/#/DispatchSummary/7a175d5d-076c-447a-a871-9d656b7a9ef4/7957966a-fad5-4efb-ae00-91d6e72c2586,4100,*2789 - Pierce - 8.1% Tax Code,*4100 - Pierce- 8.1% Tax Code,new update,0.00%,$0.00
11261,https://login.fieldedge.com/#/DispatchSummary/1812d689-5bc2-4cc8-b50d-99a7bea9111b/257f42b3-feb8-48ec-b85e-35ebc670e511,2700,*2700-Pierce- 9.5% Tax Code,*2700-Pierce- 9.5% Tax Code,skipped,0.00%,$0.00
11351,https://login.fieldedge.com/#/DispatchSummary/da776fb5-a446-4e1c-a815-72da9dfe45a4/9725020e-d8be-401b-832f-52f4ed33dccc,1733,*1703 - 10.2% Tax Code938-inactive,*1733 - SeaTac - 10.4% Tax Code,new update,+0.20%,$1.82
11360,https://login.fieldedge.com/#/DispatchSummary/3dd7dd49-8fd3-4711-bbd7-210a310deb0a/044b0ea5-2c07-46a7-a409-57daacd46afd,2700,*2700-Pierce- 9.5% Tax Code,*2700-Pierce- 9.5% Tax Code,skipped,0.00%,$0.00
11362,https://login.fieldedge.com/#/DispatchSummary/ffaff76e-9441-4238-991a-caf5d4aad616/2bd16cfe-2721-48ac-a510-aff4d21c90a0,2720,*2720 - Edgewood - 10.1% Tax Code,*2720 - Edgewood - 10.1% Tax Code,skipped,0.00%,$0.00
11347,https://login.fieldedge.com/#/DispatchSummary/491c99c5-2777-4ac1-8380-44136924b7ec/139b96d5-6436-4a9a-8450-0ef7460fdc81,2711,*PUYALLUP - 2711 -10.1.% Tax Code979-inactive,*PUYALLUP - 2711 -10.1.% Tax Code979-inactive,skipped,+0.10%,$0.00
11373,https://login.fieldedge.com/#/DispatchSummary/16ed3e34-4845-4106-ac3b-e12092cbc7ce/8a51b5a4-4c4b-48dc-b266-32886134f9bb,4100,*4100 - Pierce- 8.1% Tax Code,*4100 - Pierce- 8.1% Tax Code,skipped,0.00%,$0.00
11369,https://login.fieldedge.com/#/DispatchSummary/6cbcbfd0-824d-41ae-81fe-579fb158a949/7c1cb8fd-1f11-4556-bfcd-42c83f42a840,4100,*4100 - Pierce- 8.1% Tax Code,*4100 - Pierce- 8.1% Tax Code,skipped,0.00%,$0.00
11371,https://login.fieldedge.com/#/DispatchSummary/47715ef8-11e5-4247-a451-83c7d93920a7/2ab8c68f-f2a3-4680-9526-9f933488d871,2700,*2700-Pierce- 9.5% Tax Code,*2700-Pierce- 9.5% Tax Code,skipped,0.00%,$0.00
11315,https://login.fieldedge.com/#/DispatchSummary/028477d3-3765-4b89-94ca-33ab917b75e2/aa42abd5-0f27-4864-a8c6-d01519d2057a,4100,*4100 - Pierce- 8.1% Tax Code,*4100 - Pierce- 8.1% Tax Code,skipped,0.00%,$0.00
11349,https://login.fieldedge.com/#/DispatchSummary/5b8438c7-aa53-42b1-b7b9-6142b5070886/c812fe56-5ca0-476a-86f6-2232c136385a,4100,*4100 - Pierce- 8.1% Tax Code,*4100 - Pierce- 8.1% Tax Code,skipped,0.00%,$0.00
11372,https://login.fieldedge.com/#/DispatchSummary/d806b385-e380-4528-86b1-6aa18ab61809/acc520d9-18d9-44a3-b186-bef417a0ec13,2727,PIERCE-2727 10% Tax Code-inactive,PIERCE-2727 10% Tax Code-inactive,skipped,+0.10%,$0.00
11396,https://login.fieldedge.com/#/DispatchSummary/a8dd111f-3647-4ed9-8386-e1d4d4a8bfb8/f8a1c51f-dded-444c-959e-dd3e3ce5959d,2717,TACOMA-2717-eff 07/21.-inactive,TACOMA-2717-eff 07/21.-inactive,skipped,+10.40%,$0.00
11389,https://login.fieldedge.com/#/DispatchSummary/b222f4cb-4582-4db2-9803-86ee38180e46/08608850-7eda-4993-a3ac-b435c856f260,2727,*2727 - Pierce- 10.1% Tax Code,*2727 - Pierce- 10.1% Tax Code,skipped,0.00%,$0.00
11397,https://login.fieldedge.com/#/DispatchSummary/f03ee523-e59e-4244-9ec5-c7896c9367cd/7c7cd715-d3d4-4e6b-b3d8-c4b2b20d3347,2727,*2727 - Pierce- 10.1% Tax Code,*2727 - Pierce- 10.1% Tax Code,skipped,0.00%,$0.00
11398,https://login.fieldedge.com/#/DispatchSummary/b663d89d-06a3-4cb0-8cf3-c3ce20f8c694/15d77b1d-44f7-4877-b030-c955aa53ae62,,*2701 - Bonney Lake - 9.5% Tax Code,*2701 - Bonney Lake - 9.5% Tax Code,retry,-9.50%,$0.00
11404,https://login.fieldedge.com/#/DispatchSummary/d1db77d7-3572-43fb-bddf-a1ea7c325b35/8831d8f1-36b5-4a14-90bb-0ccf9597c74c,1732,*FEDERAL WAY - 1732 -10.2.% Tax Code1005-inactive,*FEDERAL WAY - 1732 -10.2.% Tax Code1005-inactive,skipped,+0.10%,$0.00
11416,https://login.fieldedge.com/#/DispatchSummary/f8845347-2cc4-49ad-ae22-ae4ffaf0a1c5/b2875df0-2163-46c7-8e32-96292b2c4cc5,2727,*2727 - Pierce- 10.1% Tax Code,*2727 - Pierce- 10.1% Tax Code,skipped,0.00%,$0.00
11420,https://login.fieldedge.com/#/DispatchSummary/ca8e40b4-7022-48d9-a590-501209e827f3/63175c3c-7c7a-495d-a014-9d150aa45ff6,2727,*2727 - Pierce- 10.1% Tax Code,*2727 - Pierce- 10.1% Tax Code,skipped,0.00%,$0.00
11423,https://login.fieldedge.com/#/DispatchSummary/22dd8387-cf23-45ad-8dc5-56c9673c205b/65ce4898-e808-4639-85ab-44fa227e9c20,2700,*2700-Pierce- 9.5% Tax Code,*2700-Pierce- 9.5% Tax Code,skipped,0.00%,$0.00
11425,https://login.fieldedge.com/#/DispatchSummary/86b0f762-8ec1-4bb8-8919-3a9dfd17e9e3/88b4d480-2e34-429f-8597-6b178bf2ae77,4000,*KING - 4000 - 8.8.% Tax Code1013-inactive,*KING - 4000 - 8.8.% Tax Code1013-inactive,skipped,+0.10%,$0.00
11393,https://login.fieldedge.com/#/DispatchSummary/391f8270-0475-464e-9359-af9b77e07769/195cb645-ac4e-425d-8808-bec0c92b5581,2700,*2727 - Pierce- 10.1% Tax Code,*2727 - Pierce- 10.1% Tax Code,retry,-0.60%,$0.00
11433,https://login.fieldedge.com/#/DispatchSummary/7f2f5be0-ccc6-4db5-b8ac-92bef71f5cad/92b85893-dddf-40c1-8722-feacb5ba3dd5,2700,*2700-Pierce- 9.5% Tax Code,*2700-Pierce- 9.5% Tax Code,skipped,0.00%,$0.00
11426,https://login.fieldedge.com/#/DispatchSummary/7043a253-51b1-441c-9c0b-e1a991d761fb/501700ad-341a-4175-93d1-129412fc6315,2721,*2721 - Lakewood - 10.1% Tax Code,*2721 - Lakewood - 10.1% Tax Code,skipped,0.00%,$0.00
11402,https://login.fieldedge.com/#/DispatchSummary/47278411-2d87-4246-ac7b-4455a4787fc8/c630ecc1-a5b5-44bc-a188-e285b62a9481,2727,*2727 - Pierce- 10.1% Tax Code,*2727 - Pierce- 10.1% Tax Code,skipped,0.00%,$0.00
11325,https://login.fieldedge.com/#/DispatchSummary/c4dcca7a-c692-40c9-b288-c585325e8be9/56a45511-9c92-4044-9519-22c8ea1e2614,2727,*2727 - Pierce- 10.1% Tax Code,*2727 - Pierce- 10.1% Tax Code,skipped,0.00%,$0.00
11324,https://login.fieldedge.com/#/DispatchSummary/1d674033-e16f-4482-a936-37f97b7d89b1/496bdea9-f6b0-4657-ac1b-7224961b3bbf,2727,*2727 - Pierce- 10.1% Tax Code,*2727 - Pierce- 10.1% Tax Code,skipped,0.00%,$0.00
11430,https://login.fieldedge.com/#/DispatchSummary/0dbb0e8f-7f68-4660-8664-00560dc907ad/2a6fba32-d180-42df-8a8c-d89664352823,2707,UNIVERSITY PLACE 10% Tax Code-inactive,*2707 - Fircrest -10.1% Tax Code,new update,+0.10%,$1.26
11412,https://login.fieldedge.com/#/DispatchSummary/86ebc4df-4a7a-4dd0-b8e5-3256813bf53a/0b09901e-8a1a-45c3-a430-bb7fc14b0bd5,2727,*2727 - Pierce- 10.1% Tax Code,*2727 - Pierce- 10.1% Tax Code,skipped,0.00%,$0.00
11377,https://login.fieldedge.com/#/DispatchSummary/01b8e504-642a-409f-b852-790fb216f88f/d15d2efe-0fa1-43e9-a962-85b0fd96cedb,4100,*4100 - Pierce- 8.1% Tax Code,*4100 - Pierce- 8.1% Tax Code,skipped,0.00%,$0.00
11442,https://login.fieldedge.com/#/DispatchSummary/54e55eca-9e92-471c-9388-d41eadc122e6/d3814645-e54b-407c-8e47-6a1b21558baf,4100,*4100 - Pierce- 8.1% Tax Code,*4100 - Pierce- 8.1% Tax Code,skipped,0.00%,$0.00
11449,https://login.fieldedge.com/#/DispatchSummary/bb162aed-8d71-4961-841f-56e37ca61f42/b02711d9-7f00-44fb-b1f0-081dbd106353,4100,*2700-Pierce- 9.5% Tax Code,*4100 - Pierce- 8.1% Tax Code,new update,-1.40%,-$9.30
11401,https://login.fieldedge.com/#/DispatchSummary/ca9cdf1b-682e-49fa-ba70-a63e6ac6dc09/7ad0ac2f-7b31-4b3d-968a-54227b2a9a40,,*2700-Pierce- 9.5% Tax Code,*2700-Pierce- 9.5% Tax Code,retry,-9.50%,$0.00
11400,https://login.fieldedge.com/#/DispatchSummary/6b82c89c-6013-4a7c-a52d-19379feaea1d/fb9eace1-da09-49c5-ba25-88f70d4ee4cd,2727,*2727 - Pierce- 10.1% Tax Code,*2727 - Pierce- 10.1% Tax Code,skipped,0.00%,$0.00
11439,https://login.fieldedge.com/#/DispatchSummary/fd664dbb-10b6-456b-9d5e-9195084741a5/6bcefb55-bca9-4a5b-99e9-f4cf6a1394b6,2720,*2720 - Edgewood - 10.1% Tax Code,*2720 - Edgewood - 10.1% Tax Code,skipped,0.00%,$0.00
11450,https://login.fieldedge.com/#/DispatchSummary/e9221913-da55-4563-9840-90b73db04e46/09cc1a94-d950-4cf3-b821-931a6a442920,2720,*2720 - Edgewood - 10.1% Tax Code,*2720 - Edgewood - 10.1% Tax Code,skipped,0.00%,$0.00
11443,https://login.fieldedge.com/#/DispatchSummary/1559b058-3f64-410f-8730-1c86fbdb1b3b/64f5c38e-220b-476b-a219-e264e0ddc3ce,2700,*2727 - Pierce- 10.1% Tax Code,*2700-Pierce- 9.5% Tax Code,new update,-0.60%,-$3.41
11432,https://login.fieldedge.com/#/DispatchSummary/7789a796-d6cc-4b83-aefa-d4f2567672e8/2823ff9b-e5a4-463f-a0e1-e99566b09aaf,,*2701 - Bonney Lake - 9.5% Tax Code,*2701 - Bonney Lake - 9.5% Tax Code,retry,-9.50%,$0.00
11459,https://login.fieldedge.com/#/DispatchSummary/fcfa16f4-1714-4edc-9514-c8a07c1fdb5d/c6a23d35-73ed-4b9f-bacd-1e648bdb06d3,2727,*2727 - Pierce- 10.1% Tax Code,*2727 - Pierce- 10.1% Tax Code,skipped,0.00%,$0.00
11463,https://login.fieldedge.com/#/DispatchSummary/b9714362-0062-4f5b-9fee-fffb58792cfb/c36fd5e2-d00a-4ee6-91fe-1ca6eac05a1e,2727,*2727 - Pierce- 10.1% Tax Code,*2727 - Pierce- 10.1% Tax Code,skipped,0.00%,$0.00
11390,https://login.fieldedge.com/#/DispatchSummary/d8257f2d-16f2-448a-b918-7cab6531a835/ee6234cc-ac93-4500-bcaa-2b378d5511c9,2701,*2701 - Bonney Lake - 9.5% Tax Code,*2701 - Bonney Lake - 9.5% Tax Code,skipped,0.00%,$0.00
11457,https://login.fieldedge.com/#/DispatchSummary/66cccb2a-712c-478e-ae85-5ae8ece151ef/28a8c499-45e8-4d38-8661-140598e0f7b1,2727,*2727 - Pierce- 10.1% Tax Code,*2727 - Pierce- 10.1% Tax Code,skipped,0.00%,$0.00
11465,https://login.fieldedge.com/#/DispatchSummary/f9706c5c-4891-485c-9c2f-310123c4abe7/95102572-3c27-46cc-9a56-1949ecf68703,2727,*2700-Pierce- 9.5% Tax Code,*2727 - Pierce- 10.1% Tax Code,new update,+0.60%,$3.98
11470,https://login.fieldedge.com/#/DispatchSummary/6a45e016-0989-43c4-8adf-400d05344949/bb20fb53-941e-4c50-be09-a8f9200fe434,4100,*4100 - Pierce- 8.1% Tax Code,*4100 - Pierce- 8.1% Tax Code,skipped,0.00%,$0.00
11475,https://login.fieldedge.com/#/DispatchSummary/0c634bd0-c170-490a-b9ee-ce72dbf23bd9/0171070e-8fde-4072-bf65-53c64705f77b,2727,*2727 - Pierce- 10.1% Tax Code,*2727 - Pierce- 10.1% Tax Code,skipped,0.00%,$0.00
11487,https://login.fieldedge.com/#/DispatchSummary/e1f751a3-886d-4bea-adaf-764f312a114c/92bf0144-bc4f-4824-9c7b-d01e704d6dad,2701,*2701 - Bonney Lake - 9.5% Tax Code,*2701 - Bonney Lake - 9.5% Tax Code,skipped,0.00%,$0.00
11422,https://login.fieldedge.com/#/DispatchSummary/b8594c8f-6a7d-4a28-9ef1-320e5a594313/e92c09f4-e843-404a-952c-d95a0c7496e6,2711,*PUYALLUP - 2711 -10.1.% Tax Code979-inactive,*PUYALLUP - 2711 -10.1.% Tax Code979-inactive,skipped,+0.10%,$0.00
11492,https://login.fieldedge.com/#/DispatchSummary/9abff904-e1f8-432a-9bc3-050882dc5ee1/cf7b52f3-ad98-4b31-9ca6-3008965af76a,4100,*4100 - Pierce- 8.1% Tax Code,*4100 - Pierce- 8.1% Tax Code,skipped,0.00%,$0.00
11499,https://login.fieldedge.com/#/DispatchSummary/f431bfac-fa7f-46c8-92ac-9b5225b521b0/726d7933-c003-4208-ab90-c1f9eeaa9d7b,2727,*2700-Pierce- 9.5% Tax Code,*2700-Pierce- 9.5% Tax Code,retry,+0.60%,$0.00
11495,https://login.fieldedge.com/#/DispatchSummary/15ca43f2-c6d1-48d5-a670-ff6514233819/057db408-0522-44a2-82b8-15c4a1234894,4100,*4100 - Pierce- 8.1% Tax Code,*4100 - Pierce- 8.1% Tax Code,skipped,0.00%,$0.00
11516,https://login.fieldedge.com/#/DispatchSummary/24ed9f7d-3a4b-4c29-ab49-f71faca454c7/17c48a3a-6670-4d0e-9818-6528b1069abb,1732,PIERCE - 2700 Tax Code842-inactive,*1732 - Federal Way -10.3% Tax Code,new update,+10.30%,$5.59
11514,https://login.fieldedge.com/#/DispatchSummary/b8d07f7d-427b-445a-a45a-06daf8a8dd11/b47c453e-7ac4-4c9d-9f18-62468803979f,2711,*2700-Pierce- 9.5% Tax Code,*2711 - Puyallup - 10.2% Tax Code,new update,+0.70%,$8.91
11512,https://login.fieldedge.com/#/DispatchSummary/785d131e-31c8-4cbe-bdb1-27b4bb6fe6bc/976e4238-dc58-4d77-9ee7-7ca1cd7ecfe9,2700,*2700-Pierce- 9.5% Tax Code,*2700-Pierce- 9.5% Tax Code,skipped,0.00%,$0.00
11532,https://login.fieldedge.com/#/DispatchSummary/36d17d9b-d0ee-4f08-96a5-14c91004ab0b/4f8499fb-4b2f-48b3-b359-959cf5293155,2700,WHOLESALE - HV RESALE Tax Code-inactive,*2700-Pierce- 9.5% Tax Code,new update,+9.50%,$63.08
11530,https://login.fieldedge.com/#/DispatchSummary/d6f889e5-9853-4131-a3e4-1c8b09119bc7/39bb9733-98d8-4558-b97c-f77ce5eb0414,2700,*2700-Pierce- 9.5% Tax Code,*2700-Pierce- 9.5% Tax Code,skipped,0.00%,$0.00
11536,https://login.fieldedge.com/#/DispatchSummary/6e31d757-9bc5-48d5-9d48-256f4acea811/52a6fac2-ae7c-46f6-a4cf-d7aa342adf6d,2727,*2727 - Pierce- 10.1% Tax Code,*2727 - Pierce- 10.1% Tax Code,skipped,0.00%,$0.00
11506,https://login.fieldedge.com/#/DispatchSummary/be5efb00-649d-49bc-a500-95bb2e672a0b/a73a160a-942a-4f93-bb56-bd92f5e46686,2708,*2708 - Gig Harbor - 9.1% Tax Code,*2708 - Gig Harbor - 9.1% Tax Code,skipped,0.00%,$0.00
11510,https://login.fieldedge.com/#/DispatchSummary/9da945ba-b2d5-4a07-9f35-933ee6b7a6b0/653318ef-65d3-4fff-83c7-a0eb5a1776a6,2721,*2721 - Lakewood - 10.1% Tax Code,*2721 - Lakewood - 10.1% Tax Code,skipped,0.00%,$0.00
11508,https://login.fieldedge.com/#/DispatchSummary/8524c5b6-2118-4de8-b7e8-ee10d582d6f7/b734ec46-9ac9-44d0-a7ba-5ab86b5f6d69,2727,*2700-Pierce- 9.5% Tax Code,*2727 - Pierce- 10.1% Tax Code,new update,+0.60%,$4.57
11539,https://login.fieldedge.com/#/DispatchSummary/49829d39-b870-4edf-9175-ca73fed0128a/d99ffdb9-bf4b-45d3-b0b5-9c68c160d3b0,2716,WHOLESALE - HV RESALE821-inactive,*2716 - Sumner - 9.6% Tax Code,new update,+9.60%,$57.50
11553,https://login.fieldedge.com/#/DispatchSummary/8cee95c1-dbcc-42b2-bde4-48e6b5e40c16/681a7ee5-cb71-4e53-98a8-a0be5dcc50cd,2700,PIERCE - 2700 Tax Code842-inactive,PIERCE - 2700 Tax Code842-inactive,skipped,+9.50%,$0.00
11544,https://login.fieldedge.com/#/DispatchSummary/5b7c5dd4-8b5e-472b-aa94-f85ce8c69c67/3f1a0544-6316-4d0d-aec0-23582f78276d,2700,*2727 - Pierce- 10.1% Tax Code,*2727 - Pierce- 10.1% Tax Code,retry,-0.60%,$0.00
11545,https://login.fieldedge.com/#/DispatchSummary/b774bbcc-c84b-4a76-b1fe-a382f8f6e103/0f0f2ad3-3a3b-4164-8854-a766511a7eb0,2727,*2706 - Fife -10.1% Tax Code,*2727 - Pierce- 10.1% Tax Code,new update,0.00%,$0.00
11550,https://login.fieldedge.com/#/DispatchSummary/d4236c70-2408-4bd0-8c19-c3e8eef2dfea/39de3cbb-2296-4f58-be91-b6bea3380d18,2727,*2727 - Pierce- 10.1% Tax Code,*2727 - Pierce- 10.1% Tax Code,skipped,0.00%,$0.00
11548,https://login.fieldedge.com/#/DispatchSummary/5dd58807-f55c-47ca-ae24-dcf241f01b7a/5bf8e679-e59f-45d9-a369-a6794de954c9,2727,*2727 - Pierce- 10.1% Tax Code,*2727 - Pierce- 10.1% Tax Code,skipped,0.00%,$0.00
11557,https://login.fieldedge.com/#/DispatchSummary/d1c2047e-1668-4292-8056-fddb53d39341/1b6ba0f1-c4d2-447c-8793-8cdd3c66f162,2727,*2725 - Nisqually- 9.5%. Tax Code,*2727 - Pierce- 10.1% Tax Code,new update,+0.60%,$8.95
11556,https://login.fieldedge.com/#/DispatchSummary/7323fe8e-2c7c-47dc-a57e-0ce934cca3d5/fdbcec1d-6dbc-4734-a7fd-0cef2e02f90f,4100,PIERCE - 4100 Tax Code845-inactive,PIERCE - 4100 Tax Code845-inactive,skipped,+8.10%,$0.00
11577,https://login.fieldedge.com/#/DispatchSummary/bf478512-030d-49d5-aa0d-8918422603a5/86c7e5f6-75f2-4bf1-979f-11dd7bb3cd4b,2727,*2727 - Pierce- 10.1% Tax Code,*2727 - Pierce- 10.1% Tax Code,skipped,0.00%,$0.00
11580,https://login.fieldedge.com/#/DispatchSummary/00079bb3-c117-42fb-8001-bdc91d7cbb5f/04f2ec31-9a7b-4274-978c-15842dcf618d,2717,TACOMA-2717-eff 07/21.-inactive,TACOMA-2717-eff 07/21.-inactive,skipped,+10.40%,$0.00
11523,https://login.fieldedge.com/#/DispatchSummary/67c2594e-4ada-4900-b74a-41fe6bd22e17/1db661a5-adf7-493c-9f2b-d203c581857b,2727,*2700-Pierce- 9.5% Tax Code,*2727 - Pierce- 10.1% Tax Code,new update,+0.60%,$5.17
11560,https://login.fieldedge.com/#/DispatchSummary/1cf07f10-e88f-4288-8367-8f62812272f4/fe94de78-a773-4771-aa50-a69e344ef01a,2727,*2700-Pierce- 9.5% Tax Code,*2727 - Pierce- 10.1% Tax Code,new update,+0.60%,$7.34
11561,https://login.fieldedge.com/#/DispatchSummary/c8b8273a-3703-4a6c-b740-a6177142db5f/87c3f99b-5c2b-4593-a3e6-9cd29949539f,2701,*2701 - Bonney Lake - 9.5% Tax Code,*2701 - Bonney Lake - 9.5% Tax Code,skipped,0.00%,$0.00
11564,https://login.fieldedge.com/#/DispatchSummary/3eab074f-8812-4320-9f25-60fd5df3ea79/dee8ced4-f471-4594-8707-9b98ecaf030a,2720,*2720 - Edgewood - 10.1% Tax Code,*2720 - Edgewood - 10.1% Tax Code,skipped,0.00%,$0.00
11582,https://login.fieldedge.com/#/DispatchSummary/33a95d97-5ad8-4472-8e09-75ddc44ba3b1/d48f6d6e-bc06-4668-ba10-dc1d018543f3,2727,*2727 - Pierce- 10.1% Tax Code,*2727 - Pierce- 10.1% Tax Code,skipped,0.00%,$0.00
11589,https://login.fieldedge.com/#/DispatchSummary/661bcacc-663d-4b54-a59f-68edbd8ac0f8/666a1f9e-3ead-4a21-8387-627b67d36f41,2727,*2727 - Pierce- 10.1% Tax Code,*2727 - Pierce- 10.1% Tax Code,skipped,0.00%,$0.00
11526,https://login.fieldedge.com/#/DispatchSummary/b19f80dd-04fd-4632-8210-04624a2abfc8/c774269b-e490-403b-9744-201a47819226,2727,*2727 - Pierce- 10.1% Tax Code,*2727 - Pierce- 10.1% Tax Code,skipped,0.00%,$0.00
11555,https://login.fieldedge.com/#/DispatchSummary/8819624d-33fd-41bb-a095-2e2d4f4e592a/b2470c94-5ca9-41e0-9ce8-04c05cdb043e,2700,*2700-Pierce- 9.5% Tax Code,*2700-Pierce- 9.5% Tax Code,skipped,0.00%,$0.00
11597,https://login.fieldedge.com/#/DispatchSummary/ffc824b3-a64c-42cd-bed7-f66696c65fa6/045b5ca6-3339-4b7b-af81-9892fa655593,2700,*2700-Pierce- 9.5% Tax Code,*2700-Pierce- 9.5% Tax Code,skipped,0.00%,$0.00
11573,https://login.fieldedge.com/#/DispatchSummary/7f8882dc-1739-4217-b2e8-3252335084c5/62f90582-f49d-4fbf-993b-92043d06b234,2727,*2727 - Pierce- 10.1% Tax Code,*2727 - Pierce- 10.1% Tax Code,skipped,0.00%,$0.00
11603,https://login.fieldedge.com/#/DispatchSummary/f0ab1a7e-fcae-49a7-a9e6-fe1ef4694e57/6966b8c6-f665-4a9a-8293-7ee5a42f39c3,2727,*2727 - Pierce- 10.1% Tax Code,*2727 - Pierce- 10.1% Tax Code,skipped,0.00%,$0.00
11605,https://login.fieldedge.com/#/DispatchSummary/45c9076c-bf54-43d6-9b10-c176ddb822e0/1af661d2-63e3-405a-9696-1c9b93e1f614,2700,*2700-Pierce- 9.5% Tax Code,*2700-Pierce- 9.5% Tax Code,skipped,0.00%,$0.00
11611,https://login.fieldedge.com/#/DispatchSummary/5d55f7f1-1461-45df-b869-80edf2bb2884/9b5a3c4a-6f17-4143-b813-32546084ef88,2720,*2720 - Edgewood - 10.1% Tax Code,*2720 - Edgewood - 10.1% Tax Code,skipped,0.00%,$0.00
11629,https://login.fieldedge.com/#/DispatchSummary/0dcc486e-c52a-48f1-a172-d8376617a25c/312ab76b-071d-4805-86c6-c7fd8e68d1a2,2727,*2727 - Pierce- 10.1% Tax Code,*2727 - Pierce- 10.1% Tax Code,skipped,0.00%,$0.00
11612,https://login.fieldedge.com/#/DispatchSummary/9f6f9b34-febf-4ff8-ba86-2a191b126aee/605f98bb-132f-4621-94e9-265cbb0dc132,1732,*FEDERAL WAY - 1732 -10.2.% Tax Code1005-inactive,*FEDERAL WAY - 1732 -10.2.% Tax Code1005-inactive,skipped,+0.10%,$0.00
11628,https://login.fieldedge.com/#/DispatchSummary/8c614095-aa7b-402d-80d0-eba3c628b4f5/07dae919-ef04-41af-89fb-4c63b429e8d3,1732,*FEDERAL WAY - 1732 -10.2.% Tax Code1005-inactive,*FEDERAL WAY - 1732 -10.2.% Tax Code1005-inactive,skipped,+0.10%,$0.00
11617,https://login.fieldedge.com/#/DispatchSummary/5f2cd4fb-bd7c-4dbe-94a9-07cd3df3ce31/35423851-d022-4eb2-b5bd-71b82bcbc1e6,4000,*KING - 4000 - 8.8.% Tax Code1013-inactive,*KING - 4000 - 8.8.% Tax Code1013-inactive,skipped,+0.10%,$0.00
11602,https://login.fieldedge.com/#/DispatchSummary/d1592abf-a412-40bd-af1b-7ec7b8df5e0b/d2036b0a-dc25-4e34-855c-4f61c72fcb1d,2701,*2701 - Bonney Lake - 9.5% Tax Code,*2701 - Bonney Lake - 9.5% Tax Code,skipped,0.00%,$0.00
11613,https://login.fieldedge.com/#/DispatchSummary/018c09e4-94f1-4b90-9f50-875fc5446d51/be6ef265-9da2-4081-9a65-f588604ad869,2700,*2727 - Pierce- 10.1% Tax Code,*2700-Pierce- 9.5% Tax Code,new update,-0.60%,-$8.95
11638,https://login.fieldedge.com/#/DispatchSummary/811dc06a-20f7-4785-b026-13ab91161e4f/d5a3e367-5dc6-4fcd-be2d-58460f415d13,2719,*2719-University Place-10.1% Tax Cod,*2719-University Place-10.1% Tax Cod,skipped,0.00%,$0.00
11643,https://login.fieldedge.com/#/DispatchSummary/f18e5deb-36b8-4513-9d7e-49019ca77dde/2de7159a-4948-4ec1-97be-9528866889fd,2720,*2702 - Buckley - 8.2% Tax Code,*2720 - Edgewood - 10.1% Tax Code,new update,+1.90%,$12.61
11637,https://login.fieldedge.com/#/DispatchSummary/fb5381fd-72de-42ed-906a-8a693db079d8/aaba224e-49d6-4db3-9944-4c034414e5db,4100,*4100 - Pierce- 8.1% Tax Code,*4100 - Pierce- 8.1% Tax Code,skipped,0.00%,$0.00
11587,https://login.fieldedge.com/#/DispatchSummary/4ac9bc94-861b-4d0d-b0c2-da4df7f9d4bd/e74b7f86-c8df-4d69-9fef-bd1db3288409,2727,*2727 - Pierce- 10.1% Tax Code,*2727 - Pierce- 10.1% Tax Code,skipped,0.00%,$0.00
11642,https://login.fieldedge.com/#/DispatchSummary/dba6c122-7349-48ef-9cd5-f3e1a7246ced/0e714bfe-4658-4509-ab3e-7358becfb551,2727,*2727 - Pierce- 10.1% Tax Code,*2727 - Pierce- 10.1% Tax Code,skipped,0.00%,$0.00
11649,https://login.fieldedge.com/#/DispatchSummary/c3573c3d-4360-4880-901a-65039e3d7294/10d5a7ce-1403-4e15-8d77-a60047bd84f9,2700,*2727 - Pierce- 10.1% Tax Code,*2727 - Pierce- 10.1% Tax Code,retry,-0.60%,$0.00
11666,https://login.fieldedge.com/#/DispatchSummary/47279dc8-1ff1-4498-889e-a815f0f8121d/79ef1cb5-ae05-4bfb-8829-5cc21999cd36,2700,*2700-Pierce- 9.5% Tax Code,*2700-Pierce- 9.5% Tax Code,skipped,0.00%,$0.00
11657,https://login.fieldedge.com/#/DispatchSummary/553bb675-58f1-47bf-ba90-d2f35ab2c1bb/8c5c8f75-9f1a-459e-b289-46121d08456a,4100,*4100 - Pierce- 8.1% Tax Code,*4100 - Pierce- 8.1% Tax Code,skipped,0.00%,$0.00
11675,https://login.fieldedge.com/#/DispatchSummary/2e1e04f0-bba2-4c83-b4c2-78f651d4a9c6/12f6f8d7-46aa-4ad3-a7bc-a85442c423f3,4100,*ORTING - 2710 -9.5.% Tax Code972-inactive,*4100 - Pierce- 8.1% Tax Code,new update,-1.40%,-$9.30
11655,https://login.fieldedge.com/#/DispatchSummary/ade2ffe3-04a8-48d7-b3a2-c0a7b87ba1a5/8c20e7eb-cd60-46a1-9b23-233b44acc977,2700,*2700-Pierce- 9.5% Tax Code,*2700-Pierce- 9.5% Tax Code,skipped,0.00%,$0.00
11645,https://login.fieldedge.com/#/DispatchSummary/ee78fffd-e606-4864-bb66-a0f3d1ed9d9a/b70add51-e388-4959-8171-cb1cd42edcc8,2700,*2700-Pierce- 9.5% Tax Code,*2700-Pierce- 9.5% Tax Code,skipped,0.00%,$0.00
11672,https://login.fieldedge.com/#/DispatchSummary/7091e5bc-d32a-4208-85dd-ccfa3550f242/e4fa94a1-dc70-4902-818d-9baa03b8f06a,2727,*2727 - Pierce- 10.1% Tax Code,*2727 - Pierce- 10.1% Tax Code,skipped,0.00%,$0.00
11680,https://login.fieldedge.com/#/DispatchSummary/a6497012-21fd-4b4a-9ef8-a88614439fc6/531ff329-6dd3-4978-bf20-cb8f85a26e29,2700,*2700-Pierce- 9.5% Tax Code,*2700-Pierce- 9.5% Tax Code,skipped,0.00%,$0.00
11653,https://login.fieldedge.com/#/DispatchSummary/5905c47f-f6ff-48cc-b1d1-3dfe91a69938/6793a964-f18d-4b4e-9dd8-5c982984ea42,2700,*2700-Pierce- 9.5% Tax Code,*2700-Pierce- 9.5% Tax Code,skipped,0.00%,$0.00
11685,https://login.fieldedge.com/#/DispatchSummary/d3ad6b25-8252-4a32-8d73-54a7cb22d51b/c07d64de-1cdb-4f54-b472-2e3cc09f544b,2727,*2727 - Pierce- 10.1% Tax Code,*2727 - Pierce- 10.1% Tax Code,skipped,0.00%,$0.00
11694,https://login.fieldedge.com/#/DispatchSummary/c8941386-282d-4dea-ab2c-ea48c9d51029/a0cfc440-5d95-45f2-b778-e173ac267c49,2727,*2727 - Pierce- 10.1% Tax Code,*2727 - Pierce- 10.1% Tax Code,skipped,0.00%,$0.00
11663,https://login.fieldedge.com/#/DispatchSummary/9d5adbc5-24f8-49a2-aac2-1b00f3e5ba2f/edaa0d54-684c-4e38-ae17-a2eb2a3f824b,2720,*2720 - Edgewood - 10.1% Tax Code,*2720 - Edgewood - 10.1% Tax Code,skipped,0.00%,$0.00
11681,https://login.fieldedge.com/#/DispatchSummary/1a40a422-1a0a-45c8-88c5-23757b7f6e0d/72433b4f-b901-4c2b-b814-86519e84a45d,2720,*2720 - Edgewood - 10.1% Tax Code,*2720 - Edgewood - 10.1% Tax Code,skipped,0.00%,$0.00
11708,https://login.fieldedge.com/#/DispatchSummary/1c789cba-484d-4846-9bf2-729db5d5bb0f/d65fe099-17b5-4513-8cb8-0c96267c2850,2720,EDGEWOOD - 2720 Tax Code872-inactive,EDGEWOOD - 2720 Tax Code872-inactive,skipped,+10.10%,$0.00
11710,https://login.fieldedge.com/#/DispatchSummary/51aa0b52-e88f-4ceb-b546-dfe9b5eb45d0/36a28ca1-2ff9-4215-bc0b-2e696b81a088,2700,*2700-Pierce- 9.5% Tax Code,*2700-Pierce- 9.5% Tax Code,skipped,0.00%,$0.00
11707,https://login.fieldedge.com/#/DispatchSummary/ef60be69-0131-44dd-b371-908a412a162f/5d6a2e65-0c30-4c0f-bc4e-c90b7b1c3176,2700,*2700-Pierce- 9.5% Tax Code,*2700-Pierce- 9.5% Tax Code,skipped,0.00%,$0.00
11723,https://login.fieldedge.com/#/DispatchSummary/0d92f840-6b9f-45b8-b8ee-8e6357fed660/09887e04-705f-4be2-953c-c5b13ec76172,2700,*2700-Pierce- 9.5% Tax Code,*2700-Pierce- 9.5% Tax Code,skipped,0.00%,$0.00
11718,https://login.fieldedge.com/#/DispatchSummary/c8af2db7-17ad-4b3e-8b3e-d2d67d736519/8d602005-f21e-434b-8ad5-efeea2e6d017,2721,*2721 - Lakewood - 10.1% Tax Code,*2721 - Lakewood - 10.1% Tax Code,skipped,0.00%,$0.00
11725,https://login.fieldedge.com/#/DispatchSummary/4cdea163-8e9e-4ec0-af4b-0ddee9135bc3/0168ae82-daed-4f10-81c8-e91a42aefed3,2727,*2727 - Pierce- 10.1% Tax Code,*2727 - Pierce- 10.1% Tax Code,skipped,0.00%,$0.00
11709,https://login.fieldedge.com/#/DispatchSummary/550355df-006b-48e4-a538-4cf5eb88d1b9/b4ba5942-6ff1-44f3-a8f7-7a7fb1bd6ab2,2720,EDGEWOOD - 2720 Tax Code872,EDGEWOOD - 2720 Tax Code872,not edidtable,+10.10%,$455.81
11728,https://login.fieldedge.com/#/DispatchSummary/ef033e49-5ac4-4a2b-bb10-061149a450b5/766c13e4-c4ff-4b36-8add-dd510c77c04a,2727,*2727 - Pierce- 10.1% Tax Code,*2727 - Pierce- 10.1% Tax Code,skipped,0.00%,$0.00
11715,https://login.fieldedge.com/#/DispatchSummary/20727d81-826b-455a-aacf-55c0e846f16d/5d456ed1-b8d9-4f64-ad4c-a0fb44c842f5,2720,*2720 - Edgewood - 10.1% Tax Code,*2720 - Edgewood - 10.1% Tax Code,skipped,0.00%,$0.00
11729,https://login.fieldedge.com/#/DispatchSummary/b6e128a0-bce8-485e-892f-e507caf0495c/74aef635-db71-4b23-9851-d61d89901cd1,2700,*2700-Pierce- 9.5% Tax Code,*2700-Pierce- 9.5% Tax Code,skipped,0.00%,$0.00
11730,https://login.fieldedge.com/#/DispatchSummary/ba1c489e-5fc3-4ff0-b17e-42bc255af571/8d96c5c3-13e4-411a-ac4f-403cd068d0e1,2700,*2700-Pierce- 9.5% Tax Code,*2700-Pierce- 9.5% Tax Code,skipped,0.00%,$0.00
11640,https://login.fieldedge.com/#/DispatchSummary/7fe57c88-fd77-4c7e-a3e1-fbac5de14f84/f5b61b6a-c3e0-417b-affa-54edfd629e2a,2700,*2727 - Pierce- 10.1% Tax Code,*2700-Pierce- 9.5% Tax Code,new update,-0.60%,-$5.17
11741,https://login.fieldedge.com/#/DispatchSummary/a63f4a75-0f5d-41f1-afff-b145986609b2/ec02787b-ac11-4b1c-a9e7-1e8eaf4b3548,2700,*2700-Pierce- 9.5% Tax Code,*2700-Pierce- 9.5% Tax Code,skipped,0.00%,$0.00
11717,https://login.fieldedge.com/#/DispatchSummary/9d585103-bee1-43aa-bc9d-c34de9d4cb3d/a074e99b-c3cb-4465-a15a-5f6e6d8ada1c,2727,*2727 - Pierce- 10.1% Tax Code,*2727 - Pierce- 10.1% Tax Code,skipped,0.00%,$0.00
11742,https://login.fieldedge.com/#/DispatchSummary/b6481719-83aa-490c-96d4-e73329c24317/779edd82-b29d-4516-916d-2547ea665a1f,2711,*PUYALLUP - 2711 -10.1.% Tax Code979-inactive,*PUYALLUP - 2711 -10.1.% Tax Code979-inactive,skipped,+0.10%,$0.00
11693,https://login.fieldedge.com/#/DispatchSummary/7db2fe33-1410-4c72-ba8f-df38f73b19ac/e33f8759-5fcd-4319-9320-af2f82a98737,2700,*2700-Pierce- 9.5% Tax Code,*2700-Pierce- 9.5% Tax Code,skipped,0.00%,$0.00
11726,https://login.fieldedge.com/#/DispatchSummary/65ebda3f-8a90-4859-b185-f8659534a00c/1bb0ae78-8a13-48b4-8e13-510c9988e59f,2720,*2720 - Edgewood - 10.1% Tax Code,*2720 - Edgewood - 10.1% Tax Code,skipped,0.00%,$0.00
11733,https://login.fieldedge.com/#/DispatchSummary/8d7ab732-816b-4ff5-bc12-eea6295874a3/cf54e4c1-032c-4990-aaaa-ac2aef8c1c12,2720,*2720 - Edgewood - 10.1% Tax Code,*2720 - Edgewood - 10.1% Tax Code,skipped,0.00%,$0.00
11749,https://login.fieldedge.com/#/DispatchSummary/4299deba-eca4-4a0c-a92f-62c2fe8a942f/62c5c1a1-61f5-419c-b740-46304b00a5a3,2711,*PUYALLUP - 2711 -10.1.% Tax Code979-inactive,*PUYALLUP - 2711 -10.1.% Tax Code979-inactive,skipped,+0.10%,$0.00
11755,https://login.fieldedge.com/#/DispatchSummary/17a06c37-8923-4d4e-aa66-ea8ee8128ced/2601ba1b-ef1e-4165-b48c-68b5bec529a3,2700,*2700-Pierce- 9.5% Tax Code,*2700-Pierce- 9.5% Tax Code,skipped,0.00%,$0.00
11777,https://login.fieldedge.com/#/DispatchSummary/bfd8cad7-1d4f-43ba-b26c-dbb019858698/06ab5965-c369-4170-a655-300fa7f3c7d4,2727,*2727 - Pierce- 10.1% Tax Code,*2727 - Pierce- 10.1% Tax Code,skipped,0.00%,$0.00
11631,https://login.fieldedge.com/#/DispatchSummary/691be675-66db-4b95-99c1-6ae27e679746/6d442d7b-fe87-41ba-b407-567bc8bd18c9,2721,*2721 - Lakewood - 10.1% Tax Code,*2721 - Lakewood - 10.1% Tax Code,skipped,0.00%,$0.00
11735,https://login.fieldedge.com/#/DispatchSummary/c84883f9-1aa4-4710-96e8-e07ac08a57b6/e7120522-2846-41b2-94de-1572b91f9442,2700,*2700-Pierce- 9.5% Tax Code,*2700-Pierce- 9.5% Tax Code,skipped,0.00%,$0.00
11752,https://login.fieldedge.com/#/DispatchSummary/3947f7d8-e520-4491-acb4-0e08845bd772/b7335d31-ee9d-4d45-b0b6-25f072a88c1a,4100,*ORTING - 2710 -9.5.% Tax Code972-inactive,*ORTING - 2710 -9.5.% Tax Code972-inactive,retry,-1.40%,$0.00
11743,https://login.fieldedge.com/#/DispatchSummary/7cfd6968-9e3b-4c4e-8ad9-8b72bde223f0/c73c1acc-f43d-44ca-ac85-6009def68d39,2700,*2700-Pierce- 9.5% Tax Code,*2700-Pierce- 9.5% Tax Code,skipped,0.00%,$0.00
11644,https://login.fieldedge.com/#/DispatchSummary/f46f1f7a-d73e-481f-b96f-a6ffe6af7cfe/473bd695-fbe4-49ff-b1b8-f2978bc568f4,2727,*2727 - Pierce- 10.1% Tax Code,*2727 - Pierce- 10.1% Tax Code,skipped,0.00%,$0.00
11746,https://login.fieldedge.com/#/DispatchSummary/6f9b4daf-e553-492a-af9c-07e0a3b68cc5/812c8199-a4a7-4a54-9576-8011941a1b55,2727,*2727 - Pierce- 10.1% Tax Code,*2727 - Pierce- 10.1% Tax Code,skipped,0.00%,$0.00
11759,https://login.fieldedge.com/#/DispatchSummary/f34de50d-7a62-43f6-beea-b6074b1a0337/f20d47d2-2490-4250-aea8-e8fa39198152,2720,*2720 - Edgewood - 10.1% Tax Code,*2720 - Edgewood - 10.1% Tax Code,skipped,0.00%,$0.00
11775,https://login.fieldedge.com/#/DispatchSummary/dc3908f3-7950-40e0-bb41-6935d1c38333/d9dd3119-b527-4c81-9286-a49407b46d07,4000,*KING - 4000 - 8.8.% Tax Code1013-inactive,*KING - 4000 - 8.8.% Tax Code1013-inactive,skipped,+0.10%,$0.00
11750,https://login.fieldedge.com/#/DispatchSummary/fceae5a1-fdd5-4d36-8f2a-56bcf99bf5f4/267a7bdd-a14b-47f0-89d3-0f04ff0d9878,4100,*4100 - Pierce- 8.1% Tax Code,*4100 - Pierce- 8.1% Tax Code,skipped,0.00%,$0.00
11772,https://login.fieldedge.com/#/DispatchSummary/f285be22-6790-481b-9145-91ef1df27ee4/0455d4f4-10dc-4190-bd1c-f393405e67df,2727,*2727 - Pierce- 10.1% Tax Code,*2727 - Pierce- 10.1% Tax Code,skipped,0.00%,$0.00
11793,https://login.fieldedge.com/#/DispatchSummary/16944ca0-99e5-4b3c-b8dd-90d1f44d2a80/c556eba5-fab7-4444-b0a4-5c4a3c4eb378,2727,*2727 - Pierce- 10.1% Tax Code,*2727 - Pierce- 10.1% Tax Code,skipped,0.00%,$0.00
11767,https://login.fieldedge.com/#/DispatchSummary/a638f25c-4a3a-4539-8552-a33e25ef377e/59419646-c817-49e3-b87b-cd424e06fef3,2727,*2727 - Pierce- 10.1% Tax Code,*2727 - Pierce- 10.1% Tax Code,skipped,0.00%,$0.00
11833,https://login.fieldedge.com/#/DispatchSummary/a99ba13d-9ef0-4456-bb7f-a57e3bce254b/6a146110-a437-4352-9394-065ddcf5bdaa,,,,retry,,
11792,https://login.fieldedge.com/#/DispatchSummary/10d1226b-8621-4421-a36d-2e7793864cef/73a1a461-440f-485f-9e56-447bf5999804,4100,*4100 - Pierce- 8.1% Tax Code,*4100 - Pierce- 8.1% Tax Code,skipped,0.00%,$0.00
11819,https://login.fieldedge.com/#/DispatchSummary/604c323f-86d4-4a8a-adf1-b1fcb0428470/1ed1e922-28ae-4bf6-b728-69ebf8cc3c46,2700,*2700-Pierce- 9.5% Tax Code,*2700-Pierce- 9.5% Tax Code,skipped,0.00%,$0.00
11821,https://login.fieldedge.com/#/DispatchSummary/d5b70864-5ff7-4a67-8df1-1578e1a4a6a9/95224c7e-30f5-418b-836e-d37c6d825f03,2709,*2700-Pierce- 9.5% Tax Code,*2709 - Milton - 10.1% Tax Code,new update,+0.60%,$6.29
11826,https://login.fieldedge.com/#/DispatchSummary/d9288792-9983-4220-aca1-5134c1888a02/b44801da-e460-46c3-b638-5c5ed25aa507,2720,*2720 - Edgewood - 10.1% Tax Code,*2720 - Edgewood - 10.1% Tax Code,skipped,0.00%,$0.00
11828,https://login.fieldedge.com/#/DispatchSummary/6a9c7078-328f-469a-b401-f3abd83ee483/091e380b-9bbf-47b1-95f5-e7e5cb224e66,2727,*2727 - Pierce- 10.1% Tax Code,*2727 - Pierce- 10.1% Tax Code,skipped,0.00%,$0.00
11802,https://login.fieldedge.com/#/DispatchSummary/a89aebf5-e434-4508-a246-f94e6b0a3353/d879829b-e926-4a0b-8df8-fb368a360454,2700,*2700-Pierce- 9.5% Tax Code,*2700-Pierce- 9.5% Tax Code,not edidtable,0.00%,$727.08
11848,https://login.fieldedge.com/#/DispatchSummary/5ebc5b73-a6b1-407b-8ab9-7276aa1f5b0e/c040058d-4db8-42d2-a2f2-be7ffb5de5be,2727,*2727 - Pierce- 10.1% Tax Code,*2727 - Pierce- 10.1% Tax Code,skipped,0.00%,$0.00
11859,https://login.fieldedge.com/#/DispatchSummary/f7b52b10-0556-4371-8555-4d8e6a792404/46941a77-563a-4ce4-9916-cb9a94789235,4100,*4100 - Pierce- 8.1% Tax Code,*4100 - Pierce- 8.1% Tax Code,skipped,0.00%,$0.00
11766,https://login.fieldedge.com/#/DispatchSummary/21e494f8-e3d1-4315-943b-9c4d0d805e7a/e9217beb-b6da-4d15-8fdf-bf6cd7f19e43,2700,PIERCE CO RTA-2700-eff 07/23 Tax Cod-inactive,PIERCE CO RTA-2700-eff 07/23 Tax Cod-inactive,skipped,+9.50%,$0.00
11817,https://login.fieldedge.com/#/DispatchSummary/ee266b0e-1a1c-44e8-9b01-491ff46115b2/6e40e70c-d256-47b7-b973-c60b1b350fb3,2700,*2700-Pierce- 9.5% Tax Code,*2700-Pierce- 9.5% Tax Code,skipped,0.00%,$0.00
11824,https://login.fieldedge.com/#/DispatchSummary/aa254783-e7ba-48a3-9380-b146cb032bdb/eecd07c2-f2af-4636-a44c-90ca37af2564,2700,*2700-Pierce- 9.5% Tax Code,*2700-Pierce- 9.5% Tax Code,skipped,0.00%,$0.00
11825,https://login.fieldedge.com/#/DispatchSummary/cbfec9c5-e5cc-4163-b486-97924ebcd1eb/bcb738f5-bab3-44fa-89ed-a58d136c7cbe,2700,*2700-Pierce- 9.5% Tax Code,*2700-Pierce- 9.5% Tax Code,skipped,0.00%,$0.00
11870,https://login.fieldedge.com/#/DispatchSummary/9533526c-3f3d-4ff7-94d9-e8d439274a40/5275564a-663f-4d3a-b463-2a19953fa557,2727,*2727 - Pierce- 10.1% Tax Code,*2727 - Pierce- 10.1% Tax Code,skipped,0.00%,$0.00
11801,https://login.fieldedge.com/#/DispatchSummary/485a20f2-586f-4cdf-80e5-aab0ea13eecd/7cf7cabc-473f-4099-a25e-5a55d3bc6024,2727,*2727 - Pierce- 10.1% Tax Code,*2727 - Pierce- 10.1% Tax Code,skipped,0.00%,$0.00
11876,https://login.fieldedge.com/#/DispatchSummary/c5264d24-c797-4351-8cc2-70b85ee9050c/708ea35b-e430-4aae-854e-dd27fbc9f7bc,2727,PIERCE - 2700 Tax Code842-inactive,*2727 - Pierce- 10.1% Tax Code,new update,+10.10%,$5.90
11886,https://login.fieldedge.com/#/DispatchSummary/5c7883ff-221d-42df-9b33-bb9b47d82647/3a92ecf8-a982-442a-9245-19ecec315c81,2727,*2727 - Pierce- 10.1% Tax Code,*2727 - Pierce- 10.1% Tax Code,skipped,0.00%,$0.00
11869,https://login.fieldedge.com/#/DispatchSummary/0964349a-85ea-49c1-bff6-4cf89af2219d/3d40e8ef-5153-4049-b546-0c7bdcf82075,4100,*4100 - Pierce- 8.1% Tax Code,*4100 - Pierce- 8.1% Tax Code,skipped,0.00%,$0.00
11882,https://login.fieldedge.com/#/DispatchSummary/99088a8e-21f3-4fc6-b1b7-989f4705d67d/3c6852d1-ed0f-44ed-8596-f99a1eabadbc,2700,*2700-Pierce- 9.5% Tax Code,*2700-Pierce- 9.5% Tax Code,skipped,0.00%,$0.00
11904,https://login.fieldedge.com/#/DispatchSummary/8da6b2bc-9f18-4c81-aa10-8adc0eac5bdf/2ee57d07-623d-4cfa-b314-e203a42dbd32,2700,PIERCE - 2727 Tax Code844-inactive,*2700-Pierce- 9.5% Tax Code,new update,+9.50%,-$4.20
11888,https://login.fieldedge.com/#/DispatchSummary/be2fd3a4-72ec-400f-8c67-63ad89ccb20b/d48bf4c7-5b63-44a5-a8f1-efec88f16e86,2700,*2700-Pierce- 9.5% Tax Code,*2700-Pierce- 9.5% Tax Code,skipped,0.00%,$0.00
11627,https://login.fieldedge.com/#/DispatchSummary/9d8c6a17-18ec-4332-97dc-757a8b42ba5f/9da9300d-fbd3-4773-8230-f8fe334516d3,2700,*2700-Pierce- 9.5% Tax Code,*2700-Pierce- 9.5% Tax Code,skipped,0.00%,$0.00
11895,https://login.fieldedge.com/#/DispatchSummary/a2b602d1-4dc3-4a15-b26d-d96ae210e176/73385bbc-f1d1-4812-8786-068e7fd2468c,2700,*2727 - Pierce- 10.1% Tax Code,*2700-Pierce- 9.5% Tax Code,new update,-0.60%,-$15.19
11889,https://login.fieldedge.com/#/DispatchSummary/95c279ff-2556-47ce-86b9-c2acf708454f/42c56c3d-442e-4048-b146-f34d66e652d0,2700,*2700-Pierce- 9.5% Tax Code,*2700-Pierce- 9.5% Tax Code,skipped,0.00%,$0.00
11908,https://login.fieldedge.com/#/DispatchSummary/19b990fd-a68e-445e-a8c6-1a75ba08b353/9b8c6e7b-e431-44ab-b814-8c7aeb801ef9,2727,*MILTON-1731-10.2.% Tax Code1018-inactive,*2727 - Pierce- 10.1% Tax Code,new update,-0.10%,$0.00
11927,https://login.fieldedge.com/#/DispatchSummary/3431eb11-791c-419a-a702-b6879824b8b6/d0df2f35-edc6-45a3-9ba9-aecaf23c6f6a,2700,*2720 - Edgewood - 10.1% Tax Code,*2700-Pierce- 9.5% Tax Code,new update,-0.60%,$0.00
11877,https://login.fieldedge.com/#/DispatchSummary/055febbb-f394-4228-999c-d99ecd35ab31/fdc60666-5bff-40e3-82d5-ce2accf4a850,2701,*2701 - Bonney Lake - 9.5% Tax Code,*2701 - Bonney Lake - 9.5% Tax Code,skipped,0.00%,$0.00
11898,https://login.fieldedge.com/#/DispatchSummary/d6086340-7c38-4cc5-a04d-e7a60d489163/88fd39a5-aa62-4290-aaa8-4e171328da9c,2700,*2700-Pierce- 9.5% Tax Code,*2700-Pierce- 9.5% Tax Code,skipped,0.00%,$0.00
11906,https://login.fieldedge.com/#/DispatchSummary/b4f13c31-7830-4e68-ad26-a591f3dda88b/38d62eaf-f35a-460c-87d2-5e445da161b6,2727,*2727 - Pierce- 10.1% Tax Code,*2727 - Pierce- 10.1% Tax Code,skipped,0.00%,$0.00
11907,https://login.fieldedge.com/#/DispatchSummary/f9bd81a1-fee2-4e3c-964b-2e7500c9ede1/11691047-e897-48c2-9d02-b1cdcce59740,2700,*2700-Pierce- 9.5% Tax Code,*2700-Pierce- 9.5% Tax Code,skipped,0.00%,$0.00
11942,https://login.fieldedge.com/#/DispatchSummary/78954d6c-efc4-4026-a60e-878605d0df2c/0bc5ca27-c247-4687-85fa-b437a550e41d,2700,*2700-Pierce- 9.5% Tax Code,*2700-Pierce- 9.5% Tax Code,skipped,0.00%,$0.00
11891,https://login.fieldedge.com/#/DispatchSummary/0d5cf21e-ba8b-44d9-a720-f8126d243628/e69707b0-6e26-419c-aeba-283302459548,2719,*2700-Pierce- 9.5% Tax Code,*2719-University Place-10.1% Tax Cod,new update,+0.60%,$10.82
11921,https://login.fieldedge.com/#/DispatchSummary/8ff73013-e08b-4184-9d2e-113d3f471f23/341454ef-0727-4581-80dd-6cdfa56ac29b,2707,FIRCREST - 2707 Tax Code876-inactive,FIRCREST - 2707 Tax Code876-inactive,skipped,+10.10%,$0.00
11944,https://login.fieldedge.com/#/DispatchSummary/9473f3c9-d985-4e72-b91b-f2e9f6f97885/22f3772f-ac9a-4db1-a5db-6509833380a1,2719,*2719-University Place-10.1% Tax Cod,*2719-University Place-10.1% Tax Cod,skipped,0.00%,$0.00
11953,https://login.fieldedge.com/#/DispatchSummary/40e47ca9-6f05-49e0-bb5c-d018b9fa49b7/9f746e48-9408-48bf-acb8-c3687288d3cc,2727,*2727 - Pierce- 10.1% Tax Code,*2727 - Pierce- 10.1% Tax Code,skipped,0.00%,$0.00
11878,https://login.fieldedge.com/#/DispatchSummary/5421e490-46bd-41c9-9062-863899914f0f/0baa96a4-dae9-4dbf-8996-a60df007cce5,2700,*2700-Pierce- 9.5% Tax Code,*2700-Pierce- 9.5% Tax Code,skipped,0.00%,$0.00
11950,https://login.fieldedge.com/#/DispatchSummary/8e7706e6-e50d-4da4-b0bc-0ec00c0bd6ed/2e146a4d-c612-43ba-ba0b-8ecdde552127,4100,*4100 - Pierce- 8.1% Tax Code,*4100 - Pierce- 8.1% Tax Code,skipped,0.00%,$0.00
11949,https://login.fieldedge.com/#/DispatchSummary/1e6e5e63-f44f-4194-8b13-a292caca9116/7b9f1e07-2649-4212-bd80-7720049b5a9d,2720,*2720 - Edgewood - 10.1% Tax Code,*2720 - Edgewood - 10.1% Tax Code,skipped,0.00%,$0.00
11975,https://login.fieldedge.com/#/DispatchSummary/754ca6a0-3ca2-4054-bb33-06e3ca999b2e/299d9fa9-13d8-43b6-a1be-d161df8285e1,2720,EDGEWOOD - 2720 Tax Code872-inactive,EDGEWOOD - 2720 Tax Code872-inactive,skipped,+10.10%,$0.00
11899,https://login.fieldedge.com/#/DispatchSummary/309d2913-bb6b-444f-96f6-7f4ddde47567/03e78c70-ab35-4d01-b00b-e49242be51e6,2700,*2700-Pierce- 9.5% Tax Code,*2700-Pierce- 9.5% Tax Code,skipped,0.00%,$0.00
11968,https://login.fieldedge.com/#/DispatchSummary/21d67b6d-29f3-4249-ae9e-1a8c0aebcf07/cbc06337-7f11-43dc-b76e-3e596bcb2c85,2716,*SUMNER - 2716 - 9.5.% Tax Code987-inactive,*SUMNER - 2716 - 9.5.% Tax Code987-inactive,skipped,+0.10%,$0.00
11941,https://login.fieldedge.com/#/DispatchSummary/3a0a9170-f43c-4029-9ad0-591c0a940ea0/54784374-7e2c-4807-9708-9f69a9d4f707,2711,*PUYALLUP - 2711 -10.1.% Tax Code979-inactive,*PUYALLUP - 2711 -10.1.% Tax Code979-inactive,skipped,+0.10%,$0.00
11902,https://login.fieldedge.com/#/DispatchSummary/758855d4-43d1-42d3-99d7-1a8dc24c1ff1/7f5101c1-3ab7-4dd5-a2cd-6664759ed670,2727,*2727 - Pierce- 10.1% Tax Code,*2727 - Pierce- 10.1% Tax Code,skipped,0.00%,$0.00
12006,https://login.fieldedge.com/#/DispatchSummary/6573cb4d-bf0b-4a2b-b81e-f7c303196b08/018c19aa-b15d-454c-b651-d7430d73ea1f,2700,*2727 - Pierce- 10.1% Tax Code,*2700-Pierce- 9.5% Tax Code,new update,-0.60%,$0.00
11952,https://login.fieldedge.com/#/DispatchSummary/d2c49c6b-a209-4152-b0e4-ae9d5f62739f/d0bfb2c3-2259-488f-854a-721d5a19a9ad,2727,*2727 - Pierce- 10.1% Tax Code,*2727 - Pierce- 10.1% Tax Code,skipped,0.00%,$0.00
11988,https://login.fieldedge.com/#/DispatchSummary/9f96082e-d202-4478-9931-776495dc3595/1435a58b-126f-4168-bf4a-1155d82af8cf,2700,*2700-Pierce- 9.5% Tax Code,*2700-Pierce- 9.5% Tax Code,skipped,0.00%,$0.00
11967,https://login.fieldedge.com/#/DispatchSummary/b950f19e-ec2a-406b-a0b7-bcad5dbd5933/b1a1ac0b-d04f-4671-a808-06d784af5d73,4100,*4100 - Pierce- 8.1% Tax Code,*4100 - Pierce- 8.1% Tax Code,skipped,0.00%,$0.00
11998,https://login.fieldedge.com/#/DispatchSummary/2270a06b-6372-47de-80ab-189aa517ce83/93f1c141-d2e6-479e-a7e6-2df85cb094ed,2700,*2700-Pierce- 9.5% Tax Code,*2700-Pierce- 9.5% Tax Code,skipped,0.00%,$0.00
12011,https://login.fieldedge.com/#/DispatchSummary/9d7995df-7de6-4022-90a7-6d8d0fccfd36/476e2ff3-3aae-4e0f-9d4d-3fe73e1c5f9d,2700,*2700-Pierce- 9.5% Tax Code,*2700-Pierce- 9.5% Tax Code,skipped,0.00%,$0.00
11973,https://login.fieldedge.com/#/DispatchSummary/43592791-3abb-42e4-93b1-8cab87976717/3c313b82-f023-434c-a8ff-c12346026fd2,2700,*2700-Pierce- 9.5% Tax Code,*2700-Pierce- 9.5% Tax Code,skipped,0.00%,$0.00
11996,https://login.fieldedge.com/#/DispatchSummary/db99fd5c-b49a-4a22-9da6-9cfc6913d648/4bbad077-f51d-4e29-a82c-d76e74ec91ab,2711,*PUYALLUP - 2711 -10.1.% Tax Code979-inactive,*PUYALLUP - 2711 -10.1.% Tax Code979-inactive,skipped,+0.10%,$0.00
11969,https://login.fieldedge.com/#/DispatchSummary/125db42e-3b37-445a-b109-a9de8d8fc061/b02c6b71-5dd8-429c-a06c-be7155629f00,4100,*4100 - Pierce- 8.1% Tax Code,*4100 - Pierce- 8.1% Tax Code,skipped,0.00%,$0.00
12007,https://login.fieldedge.com/#/DispatchSummary/3d062aee-a41a-4fc0-9053-855d1845a231/e8a810e3-66f1-41cd-80c6-e3ff55bf4fd8,2727,*2727 - Pierce- 10.1% Tax Code,*2727 - Pierce- 10.1% Tax Code,skipped,0.00%,$0.00
12020,https://login.fieldedge.com/#/DispatchSummary/05f1453a-9ca9-4924-a9a8-91ae94a6a152/3e7e34ad-b18d-4600-9e36-ab1d66b1b0c9,2700,*2700-Pierce- 9.5% Tax Code,*2700-Pierce- 9.5% Tax Code,skipped,0.00%,$0.00
12044,https://login.fieldedge.com/#/DispatchSummary/d7f51f15-ab66-4ca3-a430-308d13075c3c/c95461de-75b3-418e-b84a-0c17edef9953,2700,*2700-Pierce- 9.5% Tax Code,*2700-Pierce- 9.5% Tax Code,skipped,0.00%,$0.00
12035,https://login.fieldedge.com/#/DispatchSummary/076e6b08-8bc2-42c9-9223-d9b49cafd3d5/34f6a1d3-90ce-4d78-b2e1-c314de5c8990,2727,*2727 - Pierce- 10.1% Tax Code,*2727 - Pierce- 10.1% Tax Code,skipped,0.00%,$0.00
12024,https://login.fieldedge.com/#/DispatchSummary/55347566-a527-458f-9f02-d46b8ca3543f/607aecbb-594d-4356-a9dd-df09df4e735d,2717,*2717 - TACOMA - 10.3% Tax Code961-inactive,*2717 - TACOMA - 10.3% Tax Code961-inactive,skipped,+0.10%,$0.00
11985,https://login.fieldedge.com/#/DispatchSummary/c66c028c-f92d-447c-acf8-0292038bbfd6/a828ea63-39e7-4f30-9684-28000a7f12b8,2727,*2700-Pierce- 9.5% Tax Code,*2727 - Pierce- 10.1% Tax Code,new update,+0.60%,$9.95
12018,https://login.fieldedge.com/#/DispatchSummary/9d653225-f219-4e29-9b6d-f9fd9caac274/7cb42000-4a88-4bb1-ad1b-707416117df0,2727,*2727 - Pierce- 10.1% Tax Code,*2727 - Pierce- 10.1% Tax Code,skipped,0.00%,$0.00
12046,https://login.fieldedge.com/#/DispatchSummary/bec841d5-6f15-41c5-a015-fec4eaf57d78/3c1ea452-2e71-49e4-b114-a3a1406f2602,2700,*2700-Pierce- 9.5% Tax Code,*2700-Pierce- 9.5% Tax Code,skipped,0.00%,$0.00
12062,https://login.fieldedge.com/#/DispatchSummary/3163233c-1392-4f2d-a530-d17c2e7981ed/e4c43ac0-9cb8-4f20-965b-9390bc1bead4,4100,*2727 - Pierce- 10.1% Tax Code,*4100 - Pierce- 8.1% Tax Code,new update,-2.00%,$0.00
12021,https://login.fieldedge.com/#/DispatchSummary/691d007f-bf90-4224-9cd3-a29b5dea0aa0/1dcb10af-643b-47d3-8915-0d3fa91751fa,4000,*KING - 4000 - 8.8.% Tax Code1013-inactive,*KING - 4000 - 8.8.% Tax Code1013-inactive,skipped,+0.10%,$0.00
12054,https://login.fieldedge.com/#/DispatchSummary/a41831a5-434e-45d6-a563-75fd8b5314b6/6c8562d8-8b72-4e24-b0ee-fd86b44f25ef,4100,*4100 - Pierce- 8.1% Tax Code,*4100 - Pierce- 8.1% Tax Code,skipped,0.00%,$0.00
12002,https://login.fieldedge.com/#/DispatchSummary/6a817cd1-a121-409b-b258-e82a3c16104d/25ede134-c350-4272-9b16-15b2a80ce63d,2720,*2720 - Edgewood - 10.1% Tax Code,*2720 - Edgewood - 10.1% Tax Code,skipped,0.00%,$0.00
12040,https://login.fieldedge.com/#/DispatchSummary/48b7c8cf-c085-4372-ab1c-5ab36d6d5995/a360809e-564e-43d2-af83-59c76cb79ba0,2700,*2700-Pierce- 9.5% Tax Code,*2700-Pierce- 9.5% Tax Code,skipped,0.00%,$0.00
12051,https://login.fieldedge.com/#/DispatchSummary/e7490e5f-51c1-4eaa-a26b-8293f9d0aa47/adcf5f0c-1482-46f6-af09-3de996cb97fe,4100,*4100 - Pierce- 8.1% Tax Code,*4100 - Pierce- 8.1% Tax Code,skipped,0.00%,$0.00
12015,https://login.fieldedge.com/#/DispatchSummary/078b107f-26c9-4a20-9421-ad3409369e2a/4c9c6ff9-cf2a-4ceb-99cd-77159d484209,,EDGEWOOD - 2720 Tax Code872-inactive,EDGEWOOD - 2720 Tax Code872-inactive,retry,0.00%,$0.00
12052,https://login.fieldedge.com/#/DispatchSummary/8c9835aa-cc52-43bb-9a1a-b7cec50bc6be/58a33661-b3db-41d2-ac0f-faf212328037,4100,*4100 - Pierce- 8.1% Tax Code,*4100 - Pierce- 8.1% Tax Code,skipped,0.00%,$0.00
12089,https://login.fieldedge.com/#/DispatchSummary/f4b6c62b-af04-41e1-a368-eef2b36889a9/20946a26-7901-4fc1-a3c5-3cb059b108dc,4100,*4100 - Pierce- 8.1% Tax Code,*4100 - Pierce- 8.1% Tax Code,skipped,0.00%,$0.00
12069,https://login.fieldedge.com/#/DispatchSummary/be2c3278-d5a4-4a44-8f61-4fab5ebee756/bf0ca3e2-e9c0-48cf-82a6-696cfbc748ef,2720,*2720 - Edgewood - 10.1% Tax Code,*2720 - Edgewood - 10.1% Tax Code,skipped,0.00%,$0.00
12057,https://login.fieldedge.com/#/DispatchSummary/6b8d2479-9774-4d07-9019-c4d5eefbaf82/7a4bc9d2-9591-45e1-b18d-a14d98fcf804,2719,*2719-University Place-10.1% Tax Cod,*2719-University Place-10.1% Tax Cod,skipped,0.00%,$0.00
12071,https://login.fieldedge.com/#/DispatchSummary/ae670357-18ce-4ab3-b142-598a6e7f55f9/a94f42e7-9d3f-4cbf-a061-c533bbe88151,2719,*2719-University Place-10.1% Tax Cod,*2719-University Place-10.1% Tax Cod,skipped,0.00%,$0.00
12092,https://login.fieldedge.com/#/DispatchSummary/ae5d86a9-7c20-4384-90a3-048aec1763a9/d0584fda-0dde-40a0-a6c9-f7296057a4f5,2707,*2719-University Place-10.1% Tax Cod,*2707 - Fircrest -10.1% Tax Code,new update,0.00%,$0.00
12070,https://login.fieldedge.com/#/DispatchSummary/d5662748-7ff0-4828-ade9-2ff5ac1fe6b7/2c4f93cb-72ab-4081-a93c-224ceb5c5047,2720,*2720 - Edgewood - 10.1% Tax Code,*2720 - Edgewood - 10.1% Tax Code,skipped,0.00%,$0.00
12103,https://login.fieldedge.com/#/DispatchSummary/91d68166-0c14-4917-9b08-48f0c10f51d0/88b43ca9-4b00-427e-bbb9-4d8e2170d1d8,2727,*2727 - Pierce- 10.1% Tax Code,*2727 - Pierce- 10.1% Tax Code,skipped,0.00%,$0.00
12104,https://login.fieldedge.com/#/DispatchSummary/64c04941-3df0-49d4-9356-c63683163307/e79a7aa1-d81d-4384-ba77-ded915181f6e,2727,*2727 - Pierce- 10.1% Tax Code,*2727 - Pierce- 10.1% Tax Code,skipped,0.00%,$0.00
12107,https://login.fieldedge.com/#/DispatchSummary/19282a19-9cbd-48d4-893b-f015c4d360f2/e2e6900e-e3f2-4341-8a82-d9874a74cf10,2727,*2727 - Pierce- 10.1% Tax Code,*2727 - Pierce- 10.1% Tax Code,skipped,0.00%,$0.00
12049,https://login.fieldedge.com/#/DispatchSummary/95dbeab8-9446-465d-aef1-c59697fd1ccd/f3e09aae-9ef8-4056-9b73-e44dcbc200d9,2700,*2700-Pierce- 9.5% Tax Code,*2700-Pierce- 9.5% Tax Code,skipped,0.00%,$0.00
12133,https://login.fieldedge.com/#/DispatchSummary/0746b5af-f8d3-4f00-8ff1-1bdc3f5c9ac6/1ac52c6c-7da4-41d8-bf26-50b106222ab6,2720,*2720 - Edgewood - 10.1% Tax Code,*2720 - Edgewood - 10.1% Tax Code,skipped,0.00%,$0.00
12075,https://login.fieldedge.com/#/DispatchSummary/519b587a-fc51-47c6-97a8-83c2c9527700/967268e0-cd80-472f-a8b0-e95df90a6b71,2719,*2719-University Place-10.1% Tax Cod,*2719-University Place-10.1% Tax Cod,skipped,0.00%,$0.00
12095,https://login.fieldedge.com/#/DispatchSummary/35162f31-4dee-4729-85db-370e5ebf96fb/ea09487c-ea4c-43f5-981c-d11c2fc1cb66,2700,*2700-Pierce- 9.5% Tax Code,*2700-Pierce- 9.5% Tax Code,skipped,0.00%,$0.00
12108,https://login.fieldedge.com/#/DispatchSummary/c48725ec-2519-49be-b5bc-b0faac8e1246/756709bb-5c21-46c1-ae05-3fc2479d3895,2700,*2727 - Pierce- 10.1% Tax Code,*2700-Pierce- 9.5% Tax Code,new update,-0.60%,-$3.59
12132,https://login.fieldedge.com/#/DispatchSummary/d973663e-716c-44cb-a8af-5ce767b374d8/d39f494d-c42a-47ba-ba1b-5ae7edecb2e0,2727,*2727 - Pierce- 10.1% Tax Code,*2727 - Pierce- 10.1% Tax Code,skipped,0.00%,$0.00
12124,https://login.fieldedge.com/#/DispatchSummary/84bec11e-816a-45b6-9bd6-0ceffa358754/2919016d-06ac-4451-b8f7-98d029452f02,2700,*2700-Pierce- 9.5% Tax Code,*2700-Pierce- 9.5% Tax Code,skipped,0.00%,$0.00
12127,https://login.fieldedge.com/#/DispatchSummary/f1fbbccb-7f73-4f40-94fd-53eb4e594afe/968a53d3-3fd5-4aa6-8ad9-fcb5a915a311,2727,*2727 - Pierce- 10.1% Tax Code,*2727 - Pierce- 10.1% Tax Code,skipped,0.00%,$0.00
12156,https://login.fieldedge.com/#/DispatchSummary/8dd966eb-cef4-4202-8e37-46658d9d3dfd/76b45742-7267-4866-bad4-fec444ccf7c2,4100,*4100 - Pierce- 8.1% Tax Code,*4100 - Pierce- 8.1% Tax Code,skipped,0.00%,$0.00
12138,https://login.fieldedge.com/#/DispatchSummary/89f3f5cb-c916-4f99-b7fd-738e7330534d/04565d88-5a30-427b-8855-93b730e54e77,4100,*4100 - Pierce- 8.1% Tax Code,*4100 - Pierce- 8.1% Tax Code,skipped,0.00%,$0.00
12165,https://login.fieldedge.com/#/DispatchSummary/c60edff9-8744-45fa-a10f-fd4fe9d2ce73/6039a618-0608-4757-be5c-4254e1254ee6,,,,retry,,
12126,https://login.fieldedge.com/#/DispatchSummary/df5f784b-d995-48d6-a393-5df408d00da0/3d8b6711-6984-4b05-ae06-b56fe3fa2cc4,1732,*FEDERAL WAY - 1732 -10.2.% Tax Code1005-inactive,*FEDERAL WAY - 1732 -10.2.% Tax Code1005-inactive,skipped,+0.10%,$0.00
12031,https://login.fieldedge.com/#/DispatchSummary/670a622c-ce67-428c-b524-bf814c237240/cfac83f9-1401-4bda-9025-a2a7db21a285,2700,*2700-Pierce- 9.5% Tax Code,*2700-Pierce- 9.5% Tax Code,skipped,0.00%,$0.00
12169,https://login.fieldedge.com/#/DispatchSummary/ee7782cb-913f-4d38-a3e4-e0c360c1ee74/254f95a3-64c9-4aef-aca3-e10bd3856e22,4100,*4100 - Pierce- 8.1% Tax Code,*4100 - Pierce- 8.1% Tax Code,skipped,0.00%,$0.00
12118,https://login.fieldedge.com/#/DispatchSummary/24367c6d-5e9d-4580-a94b-b342cc284c09/7104ae84-b21b-4579-9bdd-e2e72b47f42d,2727,*2727 - Pierce- 10.1% Tax Code,*2727 - Pierce- 10.1% Tax Code,skipped,0.00%,$0.00
12153,https://login.fieldedge.com/#/DispatchSummary/5ba8cdfd-f1fb-495a-9b2e-e02cbe029c28/00e3b7d7-dcd2-42a9-beb1-dcfafae658a0,2727,*2727 - Pierce- 10.1% Tax Code,*2727 - Pierce- 10.1% Tax Code,skipped,0.00%,$0.00
12154,https://login.fieldedge.com/#/DispatchSummary/23a13560-6881-4d3c-9385-d1a966319e9b/74c0dc71-8a18-43be-96b2-6869f57225cd,2727,*2727 - Pierce- 10.1% Tax Code,*2727 - Pierce- 10.1% Tax Code,skipped,0.00%,$0.00
12184,https://login.fieldedge.com/#/DispatchSummary/88e4b371-a9dc-4d23-873c-3315932cc142/4edb226e-3544-4539-a094-3fe4470718ce,2727,*2727 - Pierce- 10.1% Tax Code,*2727 - Pierce- 10.1% Tax Code,skipped,0.00%,$0.00
12201,https://login.fieldedge.com/#/DispatchSummary/4a799101-0377-4620-9e7c-182a3277bf7a/76b7af32-0cb0-4fd4-a9ea-418caf941006,2711,*PUYALLUP - 2711 -10.1.% Tax Code979-inactive,*PUYALLUP - 2711 -10.1.% Tax Code979-inactive,skipped,+0.10%,$0.00
12205,https://login.fieldedge.com/#/DispatchSummary/79c7d2ce-014d-4cbd-bc81-73eceddd0b49/898c4bfb-32d0-4380-87f2-b246e9a4098c,2700,*2700-Pierce- 9.5% Tax Code,*2700-Pierce- 9.5% Tax Code,skipped,0.00%,$0.00
12202,https://login.fieldedge.com/#/DispatchSummary/abfb39af-f57d-4a28-a86c-b86f80f1cb51/af8eaee5-97fc-478c-8b0e-317efefa9303,4100,*4100 - Pierce- 8.1% Tax Code,*4100 - Pierce- 8.1% Tax Code,skipped,0.00%,$0.00
12212,https://login.fieldedge.com/#/DispatchSummary/b0b72836-f8af-41cf-8e73-fc3bf1ee69bb/dc0192e2-548a-438d-8c35-162e08c4f240,2727,*2700-Pierce- 9.5% Tax Code,*2727 - Pierce- 10.1% Tax Code,new update,+0.60%,$10.57
12214,https://login.fieldedge.com/#/DispatchSummary/f2977010-f3f2-4a4b-8b20-23275f6981d1/af2e4e55-0b3a-48de-99b3-4fdb709c70de,2700,*2700-Pierce- 9.5% Tax Code,*2700-Pierce- 9.5% Tax Code,skipped,0.00%,$0.00
12179,https://login.fieldedge.com/#/DispatchSummary/0a0b17bb-b2f8-4d98-ba53-c4527be807c1/e6574003-643e-400d-8908-b10b8e4ffb30,2788,*2788 - Gig Harbor - 9.1% Tax Code,*2788 - Gig Harbor - 9.1% Tax Code,skipped,0.00%,$0.00
12215,https://login.fieldedge.com/#/DispatchSummary/0ba404a0-2f65-49cf-a5a8-761f8d65b2b3/96eccccf-95d9-46a8-8240-a07dd43f5f95,4100,*4100 - Pierce- 8.1% Tax Code,*4100 - Pierce- 8.1% Tax Code,skipped,0.00%,$0.00
12227,https://login.fieldedge.com/#/DispatchSummary/b0938354-b1f7-423e-9dfa-c65ac14fa33f/72e46bac-8c64-480a-8e06-d16651cd34d0,2727,*2727 - Pierce- 10.1% Tax Code,*2727 - Pierce- 10.1% Tax Code,skipped,0.00%,$0.00
12230,https://login.fieldedge.com/#/DispatchSummary/af846ded-6da9-43f9-80a7-33c3b797177c/41558904-b12b-48bf-bb39-f4860f66ce36,4000,*KING - 4000 - 8.8.% Tax Code1013-inactive,*KING - 4000 - 8.8.% Tax Code1013-inactive,skipped,+0.10%,$0.00
12140,https://login.fieldedge.com/#/DispatchSummary/3a6c2803-4739-4c55-ac1a-3599a4fb1832/c193df59-e2ff-494f-a44d-d83e95c9ca74,2700,*2700-Pierce- 9.5% Tax Code,*2700-Pierce- 9.5% Tax Code,skipped,0.00%,$0.00
12222,https://login.fieldedge.com/#/DispatchSummary/686352aa-b24c-402a-bd65-818b7b11b2a7/cab857d1-0759-4dc2-a2cc-e4d0e64045f9,2727,*2727 - Pierce- 10.1% Tax Code,*2727 - Pierce- 10.1% Tax Code,skipped,0.00%,$0.00
12228,https://login.fieldedge.com/#/DispatchSummary/41e81786-7adc-4fe6-8b30-33de139e9c67/2330bfe9-a24f-418e-b895-944bcd25c84d,2727,*2700-Pierce- 9.5% Tax Code,*2727 - Pierce- 10.1% Tax Code,new update,+0.60%,$11.59
12232,https://login.fieldedge.com/#/DispatchSummary/9c3ce447-cd5a-4b91-8d59-8870f50af79c/02c39317-8117-4311-9e93-68d0850af262,2727,*2727 - Pierce- 10.1% Tax Code,*2727 - Pierce- 10.1% Tax Code,skipped,0.00%,$0.00
12255,https://login.fieldedge.com/#/DispatchSummary/dc4c84e2-a150-4b71-af03-e2d47885fdc1/6a6d02cf-5cd2-4f27-aa73-214ea193fc60,2700,*2700-Pierce- 9.5% Tax Code,*2700-Pierce- 9.5% Tax Code,skipped,0.00%,$0.00
12159,https://login.fieldedge.com/#/DispatchSummary/1bffd354-b93b-4afb-856b-b3fbd99f5015/5a4af3c2-ff3d-4f8b-b164-727b583a2c40,2720,*2700-Pierce- 9.5% Tax Code,*2720 - Edgewood - 10.1% Tax Code,new update,+0.60%,$8.84
12234,https://login.fieldedge.com/#/DispatchSummary/616c3a63-ef5b-4242-ae75-58bf79c2f805/3e8aaf06-6232-4434-b742-f16efbd984f6,1700,*AUBURN - 1702 - 10.3.% Tax Code992-inactive,*1700 - King County-10.3% Tax Code,new update,0.00%,$0.00
12250,https://login.fieldedge.com/#/DispatchSummary/5903cd34-e78d-4c67-852f-3b303aa5f099/da4cc292-364f-4c2f-b130-d378b0da5f28,1700,*KING - 1700 -10.2.% Tax Code1015-inactive,*KING - 1700 -10.2.% Tax Code1015-inactive,skipped,+0.10%,$0.00
12266,https://login.fieldedge.com/#/DispatchSummary/f4847c15-123d-4a11-ba9b-3e45f680fb4e/872695ce-700d-4dba-8405-2622272b186b,4100,*NON TAX - RESALE Tax Code,*4100 - Pierce- 8.1% Tax Code,new update,+8.10%,$56.62
12235,https://login.fieldedge.com/#/DispatchSummary/3e125aa7-d86d-4d93-a3e8-145d2c56b786/228acc80-099b-449e-86f6-8c5e994f2f34,4100,*4100 - Pierce- 8.1% Tax Code,*4100 - Pierce- 8.1% Tax Code,skipped,0.00%,$0.00
12269,https://login.fieldedge.com/#/DispatchSummary/a7800e95-5581-47a3-9359-21a3b04fa27f/62e7c42d-9520-4354-882e-a47c0f0d8883,4100,*2700-Pierce- 9.5% Tax Code,*4100 - Pierce- 8.1% Tax Code,new update,-1.40%,-$19.01
12225,https://login.fieldedge.com/#/DispatchSummary/c21e9477-c4a1-422d-b9e1-e78330b5dce1/a3a7c765-e0fd-4de3-ba62-0a90e13af455,4100,*4100 - Pierce- 8.1% Tax Code,*4100 - Pierce- 8.1% Tax Code,skipped,0.00%,$0.00
12244,https://login.fieldedge.com/#/DispatchSummary/be370f35-d867-4ab2-9342-b24235bbd852/65dfc4cd-6b6a-4e53-82a7-9f2bc3d7342a,2727,*2727 - Pierce- 10.1% Tax Code,*2727 - Pierce- 10.1% Tax Code,skipped,0.00%,$0.00
12278,https://login.fieldedge.com/#/DispatchSummary/745e9193-add5-49f4-b91c-f686b9222814/40ba4c5f-48c7-447d-bba5-0608dd7ee85d,2727,*2727 - Pierce- 10.1% Tax Code,*2727 - Pierce- 10.1% Tax Code,skipped,0.00%,$0.00
12282,https://login.fieldedge.com/#/DispatchSummary/afdac8b8-b51e-4c1c-8aef-9d2a9f7274ca/efdaacec-e393-4a70-a34f-fa5a84cd8260,2727,*2727 - Pierce- 10.1% Tax Code,*2727 - Pierce- 10.1% Tax Code,skipped,0.00%,$0.00
12259,https://login.fieldedge.com/#/DispatchSummary/34156cdd-9adb-425a-816a-fb0450f9d2c3/623a8153-c262-40d2-976d-482d8fdb145b,2727,*2727 - Pierce- 10.1% Tax Code,*2727 - Pierce- 10.1% Tax Code,skipped,0.00%,$0.00
12302,https://login.fieldedge.com/#/DispatchSummary/6841feb2-8b78-43c2-868a-02526095756d/f044a302-6f75-4b01-b050-cca305742946,2700,*2700-Pierce- 9.5% Tax Code,*2700-Pierce- 9.5% Tax Code,skipped,0.00%,$0.00
12257,https://login.fieldedge.com/#/DispatchSummary/c04f99ea-ba2e-4cd1-ba0b-a72760f53dd6/62904a54-3f9e-41c7-b55b-b61dabd077f5,2788,*2788 - Gig Harbor - 9.1% Tax Code,*2788 - Gig Harbor - 9.1% Tax Code,skipped,0.00%,$0.00
12300,https://login.fieldedge.com/#/DispatchSummary/f1e41885-1290-45f7-a9d0-0e1fe53bf792/b0534faa-ebe8-4d5b-ba56-cfe7b474c4c5,2719,*2719-University Place-10.1% Tax Cod,*2719-University Place-10.1% Tax Cod,skipped,0.00%,$0.00
12324,https://login.fieldedge.com/#/DispatchSummary/14627665-789e-4680-ba72-6223f3585c7a/b436c7bd-5bbd-4257-b60e-3e7fd91762c1,2727,*2700-Pierce- 9.5% Tax Code,*2727 - Pierce- 10.1% Tax Code,new update,+0.60%,$0.00
12313,https://login.fieldedge.com/#/DispatchSummary/8eabffa3-40cc-4422-b321-b3126ed09afd/d43285dc-a69e-49b5-a0c9-2f44127f0ad7,2701,*2700-Pierce- 9.5% Tax Code,*2701 - Bonney Lake - 9.5% Tax Code,new update,0.00%,$0.00
12327,https://login.fieldedge.com/#/DispatchSummary/f22b1c36-bdec-4599-af37-5beb6fe80a72/b3d66810-113a-4557-9c55-ba5d0690b2cb,4100,*NON TAX - RESALE Tax Code,*4100 - Pierce- 8.1% Tax Code,new update,+8.10%,$48.52
12277,https://login.fieldedge.com/#/DispatchSummary/3af9238c-76e2-47ae-a2cf-92d2a6e0e6bd/eb64d85b-e319-44f0-9ecc-9e7598895374,4100,PIERCE - 4100 Tax Code845-inactive,PIERCE - 4100 Tax Code845-inactive,skipped,+8.10%,$0.00
12297,https://login.fieldedge.com/#/DispatchSummary/d3815ac0-73c7-4b2d-a9a0-73efef7372bc/f1ce4420-7518-4957-8de8-54278322af4b,2700,*2700-Pierce- 9.5% Tax Code,*2700-Pierce- 9.5% Tax Code,skipped,0.00%,$0.00
12326,https://login.fieldedge.com/#/DispatchSummary/d0c07ed4-c269-4da7-9e4d-0faf50da79a8/de88ec76-c93b-44b2-89cc-d88c78491652,2727,*2727 - Pierce- 10.1% Tax Code,*2727 - Pierce- 10.1% Tax Code,skipped,0.00%,$0.00
12333,https://login.fieldedge.com/#/DispatchSummary/0c6ec4a6-a3b6-4895-b341-6261143c0fa6/3d13ffa9-528d-46bd-a329-5888482dd1e1,4100,*4100 - Pierce- 8.1% Tax Code,*4100 - Pierce- 8.1% Tax Code,skipped,0.00%,$0.00
12334,https://login.fieldedge.com/#/DispatchSummary/5bc39235-f727-49cc-a081-79a8c057a864/0e35e4e3-3224-43d2-af11-051620ea66e7,4100,*2727 - Pierce- 10.1% Tax Code,*4100 - Pierce- 8.1% Tax Code,new update,-2.00%,-$15.28
12339,https://login.fieldedge.com/#/DispatchSummary/4d4e00df-351f-4bea-af9d-4242441fe2ee/cbf0b1a6-4a8f-4ba5-8b7f-09f52e73e18a,4100,*4100 - Pierce- 8.1% Tax Code,*4100 - Pierce- 8.1% Tax Code,skipped,0.00%,$0.00
12349,https://login.fieldedge.com/#/DispatchSummary/86ed111c-1e08-4a19-993a-f5c50cd39241/6f3b18d4-e664-4347-bd5b-e1ba42e19596,2721,*2721 - Lakewood - 10.1% Tax Code,*2721 - Lakewood - 10.1% Tax Code,skipped,0.00%,$0.00
12337,https://login.fieldedge.com/#/DispatchSummary/c1e63aa6-2b05-4128-8b74-953c6f82e413/df89c4bb-4a49-4a2b-9eaa-75e64b38773d,2700,*2700-Pierce- 9.5% Tax Code,*2700-Pierce- 9.5% Tax Code,skipped,0.00%,$0.00
12246,https://login.fieldedge.com/#/DispatchSummary/8d6a2601-83f7-4ece-b6f8-ec7e45612df5/4056b780-8fe2-4f00-ab56-16fa169f09be,2700,*2700-Pierce- 9.5% Tax Code,*2700-Pierce- 9.5% Tax Code,skipped,0.00%,$0.00
12309,https://login.fieldedge.com/#/DispatchSummary/f66d03b2-a334-45f4-9d3e-33731a7f6391/70e18a41-c9f8-4704-8a1e-c8f29eb78f0b,2727,*2727 - Pierce- 10.1% Tax Code,*2727 - Pierce- 10.1% Tax Code,skipped,0.00%,$0.00
12350,https://login.fieldedge.com/#/DispatchSummary/c464d674-81ba-4722-8122-dda1fce843d0/aea8f7b5-20eb-4118-bb94-4b50503f29c3,2727,*2727 - Pierce- 10.1% Tax Code,*2727 - Pierce- 10.1% Tax Code,skipped,0.00%,$0.00
12367,https://login.fieldedge.com/#/DispatchSummary/841b1ab2-1be1-4a49-a569-275cf6cc6a05/5682a657-b67d-48be-ab78-0d2a43ef0a66,2700,*2700-Pierce- 9.5% Tax Code,*2700-Pierce- 9.5% Tax Code,skipped,0.00%,$0.00
12311,https://login.fieldedge.com/#/DispatchSummary/ab0a7d43-827a-4a3f-a313-221463ef0723/4243c2db-e4a1-49ed-8ff8-9865354d14a8,4100,*4100 - Pierce- 8.1% Tax Code,*4100 - Pierce- 8.1% Tax Code,skipped,0.00%,$0.00
12342,https://login.fieldedge.com/#/DispatchSummary/b2f3f611-91ec-452b-89ac-be8509842c0f/aeef4d7b-d3f0-4e3d-86ac-74f7ba72176c,4100,*4100 - Pierce- 8.1% Tax Code,*4100 - Pierce- 8.1% Tax Code,skipped,0.00%,$0.00
12305,https://login.fieldedge.com/#/DispatchSummary/4f82c768-dc99-4864-99a0-6ccf7ab98ed5/341c7ce5-bf75-45b4-bdd7-ce5550edb9ed,4100,*4100 - Pierce- 8.1% Tax Code,*4100 - Pierce- 8.1% Tax Code,skipped,0.00%,$0.00
12356,https://login.fieldedge.com/#/DispatchSummary/0d889bd8-3c73-4fc8-a35f-5afeb2dbb928/f4a54d92-5c30-401c-8b36-88736eb342c4,2700,*2700-Pierce- 9.5% Tax Code,*2700-Pierce- 9.5% Tax Code,skipped,0.00%,$0.00
12315,https://login.fieldedge.com/#/DispatchSummary/f1fc72a1-12ca-42fb-9d13-8846e717312e/8086e1e8-e9f3-451a-82e0-aee771dd5339,4100,*4100 - Pierce- 8.1% Tax Code,*4100 - Pierce- 8.1% Tax Code,skipped,0.00%,$0.00
12369,https://login.fieldedge.com/#/DispatchSummary/31c7d4ff-ad0c-4a94-a0c6-0d4a807629d1/fe3b98d4-1802-47d6-b7e8-6d81acc742db,4100,*ORTING - 2710 -9.5.% Tax Code972-inactive,*4100 - Pierce- 8.1% Tax Code,new update,-1.40%,-$9.30
12372,https://login.fieldedge.com/#/DispatchSummary/d589cc4a-5a13-408f-bbfd-196141521631/601aae75-e9c2-4184-bc21-a2475a28db3e,2727,*2727 - Pierce- 10.1% Tax Code,*2727 - Pierce- 10.1% Tax Code,skipped,0.00%,$0.00
12389,https://login.fieldedge.com/#/DispatchSummary/ac95a4c6-eeba-418e-8a27-cf69e8a8366c/aff4aee9-2f2a-4ccc-8206-7122ca28b4cd,2727,*2727 - Pierce- 10.1% Tax Code,*2727 - Pierce- 10.1% Tax Code,skipped,0.00%,$0.00
12378,https://login.fieldedge.com/#/DispatchSummary/61837ac5-4a36-4bae-8001-22942515cc90/e0819a5d-9f29-4a27-9b64-9838eea09efb,2727,*NON TAX - RESALE Tax Code,*2727 - Pierce- 10.1% Tax Code,new update,+10.10%,$127.56
12306,https://login.fieldedge.com/#/DispatchSummary/c18e9283-f5d5-4baa-b7fd-ef798f8464fe/6f94cc95-55bf-443a-89a7-797c25ee8723,4100,*4100 - Pierce- 8.1% Tax Code,*4100 - Pierce- 8.1% Tax Code,skipped,0.00%,$0.00
12383,https://login.fieldedge.com/#/DispatchSummary/0b680ebd-7114-4180-8a6b-41386e945a39/caed760b-db97-431d-a786-cfa92d8d926f,2727,*2727 - Pierce- 10.1% Tax Code,*2727 - Pierce- 10.1% Tax Code,skipped,0.00%,$0.00
12332,https://login.fieldedge.com/#/DispatchSummary/603f1dd0-d926-44ad-9e34-007db4918769/f8e52ece-3cb0-4cd3-b600-5e9d87a22b77,2700,*2700-Pierce- 9.5% Tax Code,*2700-Pierce- 9.5% Tax Code,skipped,0.00%,$0.00
12357,https://login.fieldedge.com/#/DispatchSummary/efea4cc9-c751-4291-ae3f-5f4d45687548/0d1dc96e-02d4-4f54-8e06-04704820dfb0,2700,*2700-Pierce- 9.5% Tax Code,*2700-Pierce- 9.5% Tax Code,skipped,0.00%,$0.00
12360,https://login.fieldedge.com/#/DispatchSummary/401edca0-6213-4028-b375-d812f376f2ee/48817a86-8597-43ec-8492-56c71e7a4d35,2717,TACOMA-2717-eff 07/21.-inactive,TACOMA-2717-eff 07/21.-inactive,skipped,+10.40%,$0.00
12374,https://login.fieldedge.com/#/DispatchSummary/f5ce7aee-2a5e-412f-a500-4d93e67c40c5/61135ca4-7d3e-48c2-bf9c-da6c26196ef6,4100,*2708 - Gig Harbor - 9.1% Tax Code,*4100 - Pierce- 8.1% Tax Code,new update,-1.00%,-$16.30
12403,https://login.fieldedge.com/#/DispatchSummary/b7134296-9453-4fbe-b373-7ae012ae1b1b/1a1135e6-171c-4b76-8178-ac636e31e691,4100,*4100 - Pierce- 8.1% Tax Code,*4100 - Pierce- 8.1% Tax Code,skipped,0.00%,$0.00
12354,https://login.fieldedge.com/#/DispatchSummary/200236c4-366f-4bd9-8383-dd568e6d4b57/1ae5ea00-5f3e-4b9b-b0e0-d7b14ba2da7b,4100,*4100 - Pierce- 8.1% Tax Code,*4100 - Pierce- 8.1% Tax Code,skipped,0.00%,$0.00
12394,https://login.fieldedge.com/#/DispatchSummary/54606dcc-6329-4fea-bb5e-2b5d670d1a64/48fde02a-9ce1-40f3-be50-a7f485e4ab9c,1712,*COVINGTON -1712 - 9.1% Tax Code1031-inactive,*COVINGTON -1712 - 9.1% Tax Code1031-inactive,skipped,+0.10%,$0.00
12379,https://login.fieldedge.com/#/DispatchSummary/c7f9e6ef-1435-49cc-83a7-456691d8b50c/3e66de37-0761-4aea-a038-ef4cd9080c4a,2701,*2701 - Bonney Lake - 9.5% Tax Code,*2701 - Bonney Lake - 9.5% Tax Code,skipped,0.00%,$0.00
12436,https://login.fieldedge.com/#/DispatchSummary/ab2492e5-d56d-4100-9dce-f9c6fb967f9d/c5fb086b-15a8-4321-8b85-5a63cf071a7e,2716,WHOLESALE - HV RESALE821-inactive,*2716 - Sumner - 9.6% Tax Code,new update,+9.60%,$57.50
12388,https://login.fieldedge.com/#/DispatchSummary/ae2885a0-d72e-49c8-b267-9cafa6033ee6/33f8b8f7-81d8-4b0b-869e-9353c0fd8361,2700,*2700-Pierce- 9.5% Tax Code,*2700-Pierce- 9.5% Tax Code,skipped,0.00%,$0.00
12416,https://login.fieldedge.com/#/DispatchSummary/6d5930b5-9bf7-49a2-8233-70fea6df9ff6/90d0cd1f-dec4-48b7-90cc-166fafc2f053,2727,*2727 - Pierce- 10.1% Tax Code,*2727 - Pierce- 10.1% Tax Code,skipped,0.00%,$0.00
12461,https://login.fieldedge.com/#/DispatchSummary/2055201a-a5be-4134-ac20-0affd50e4b0c/f89f0ecf-8da9-4451-9f3d-38bae4bbecec,2727,*2727 - Pierce- 10.1% Tax Code,*2727 - Pierce- 10.1% Tax Code,skipped,0.00%,$0.00
12466,https://login.fieldedge.com/#/DispatchSummary/86b4f698-3099-4696-a674-cf3cb2c8b0e5/51781a15-1360-4cf1-9f1c-b1f3bc9f26cd,2700,PIERCE - 2700 Tax Code842-inactive,PIERCE - 2700 Tax Code842-inactive,skipped,+9.50%,$0.00
12464,https://login.fieldedge.com/#/DispatchSummary/45131bde-b62c-4649-bf74-e4df737e9f80/f4b171d4-03df-40aa-acb1-f3de9055113a,2700,*2700-Pierce- 9.5% Tax Code,*2700-Pierce- 9.5% Tax Code,skipped,0.00%,$0.00
12465,https://login.fieldedge.com/#/DispatchSummary/28d40090-6853-4d77-a545-3935117474c1/3c1244f5-e2d3-4230-a5b4-b57d81043963,4100,*4100 - Pierce- 8.1% Tax Code,*4100 - Pierce- 8.1% Tax Code,skipped,0.00%,$0.00
12196,https://login.fieldedge.com/#/DispatchSummary/a73e104e-7434-432e-a87d-f664e9a9483d/f67c5672-2079-4cd9-b3a4-9004d341d8ee,4100,*4100 - Pierce- 8.1% Tax Code,*4100 - Pierce- 8.1% Tax Code,skipped,0.00%,$0.00
12439,https://login.fieldedge.com/#/DispatchSummary/0be04805-36b9-4d5c-969f-79d9830beb6c/909730a8-5a05-4cc5-84ec-1a86a6152575,4100,*4100 - Pierce- 8.1% Tax Code,*4100 - Pierce- 8.1% Tax Code,skipped,0.00%,$0.00
12467,https://login.fieldedge.com/#/DispatchSummary/7c5f49db-f56a-4ff2-8419-f3afe947f820/3e632e35-04d2-4c74-916a-bfa8eefe8727,2720,*2720 - Edgewood - 10.1% Tax Code,*2720 - Edgewood - 10.1% Tax Code,skipped,0.00%,$0.00
12419,https://login.fieldedge.com/#/DispatchSummary/f9b87cbd-1709-45cc-82d8-2dea8b000d21/b654aee3-ba62-4867-a8c0-f3b82f051f13,1732,*FEDERAL WAY - 1732 -10.2.% Tax Code1005-inactive,*FEDERAL WAY - 1732 -10.2.% Tax Code1005-inactive,skipped,+0.10%,$0.00
12420,https://login.fieldedge.com/#/DispatchSummary/259e383d-e51c-4495-90e1-609efd91a102/57fe8517-2cd0-484c-ae8e-8b31c75c0bc9,4000,*KING - 4000 - 8.8.% Tax Code1013-inactive,*KING - 4000 - 8.8.% Tax Code1013-inactive,skipped,+0.10%,$0.00
12422,https://login.fieldedge.com/#/DispatchSummary/aff9bbc0-8d45-4072-a7a8-db792001e840/18aa6e67-80e0-4d68-b4fd-bd694c71bac3,2720,*2720 - Edgewood - 10.1% Tax Code,*2720 - Edgewood - 10.1% Tax Code,skipped,0.00%,$0.00
12462,https://login.fieldedge.com/#/DispatchSummary/41af848b-0992-452a-9e42-16db38020aa5/7f49cf3d-9d45-4a89-af8d-45b2514b0ee9,2720,*2720 - Edgewood - 10.1% Tax Code,*2720 - Edgewood - 10.1% Tax Code,skipped,0.00%,$0.00
12330,https://login.fieldedge.com/#/DispatchSummary/0e1ea4df-907f-4fd6-a1b1-cfc2ccd5800e/5f5fbda8-b89c-4644-ae03-25ce6870ce92,2727,*2727 - Pierce- 10.1% Tax Code,*2727 - Pierce- 10.1% Tax Code,skipped,0.00%,$0.00
12458,https://login.fieldedge.com/#/DispatchSummary/89f612e5-9000-42c7-911b-522325b8295b/3eb2f577-7251-4dd2-8907-6cf8099b92b8,2727,*2727 - Pierce- 10.1% Tax Code,*2727 - Pierce- 10.1% Tax Code,skipped,0.00%,$0.00
12455,https://login.fieldedge.com/#/DispatchSummary/fc05b070-fc6d-4239-808e-56cc3b9cc63d/61bba4e6-9b8d-439d-a004-d728f0401f8a,2727,*2727 - Pierce- 10.1% Tax Code,*2727 - Pierce- 10.1% Tax Code,skipped,0.00%,$0.00
12472,https://login.fieldedge.com/#/DispatchSummary/454e5d00-3f40-4385-ad84-fac5b543959c/49c202c5-5e4b-49e7-abc5-81a3e558a66f,4100,PIERCE - 4100 Tax Code845-inactive,PIERCE - 4100 Tax Code845-inactive,skipped,+8.10%,$0.00
12491,https://login.fieldedge.com/#/DispatchSummary/f6cc7962-df51-483d-9e73-9ee70d53ce05/f93e0910-8a1c-479a-9680-85a12c63483a,4100,*4100 - Pierce- 8.1% Tax Code,*4100 - Pierce- 8.1% Tax Code,skipped,0.00%,$0.00
12438,https://login.fieldedge.com/#/DispatchSummary/8cb001ec-9380-4987-a879-80ceea571595/c88ef248-c643-4432-bf22-4bbfd822407c,2727,*2727 - Pierce- 10.1% Tax Code,*2727 - Pierce- 10.1% Tax Code,skipped,0.00%,$0.00
12463,https://login.fieldedge.com/#/DispatchSummary/590b517f-1cba-4399-ac39-ce4e9f16d8fa/3a480f11-5267-4185-9b26-099e9766e436,2711,PIERCE - 2700 Tax Code842-inactive,*2711 - Puyallup - 10.2% Tax Code,new update,+10.20%,$4.65
12511,https://login.fieldedge.com/#/DispatchSummary/b2bc63bc-d54e-4385-ad27-3e99d28394d9/5d6e519b-5e6c-4ca6-b1c8-bbececdd166b,2727,*2700-Pierce- 9.5% Tax Code,*2727 - Pierce- 10.1% Tax Code,new update,+0.60%,$6.29
12480,https://login.fieldedge.com/#/DispatchSummary/a92214ab-b9b4-48d5-b6d9-b644241958e3/b64d9970-4080-43c7-9b75-5fc7eebbfcfa,2727,*2700-Pierce- 9.5% Tax Code,*2700-Pierce- 9.5% Tax Code,not edidtable,+0.60%,"$1,393.94"
12490,https://login.fieldedge.com/#/DispatchSummary/b2e42c1e-e9b4-4f39-9964-067e4d421028/e89c4350-43fe-4302-b5ca-7845d84f27d5,2727,*2727 - Pierce- 10.1% Tax Code,*2727 - Pierce- 10.1% Tax Code,skipped,0.00%,$0.00
12502,https://login.fieldedge.com/#/DispatchSummary/6f92b7f1-b867-42de-b7b6-8830d71715ba/dfacbead-8b99-4c0e-a2bc-0119dbde15c2,4100,PIERCE - 4100 Tax Code845-inactive,PIERCE - 4100 Tax Code845-inactive,skipped,+8.10%,$0.00
12515,https://login.fieldedge.com/#/DispatchSummary/52d928d7-6281-42ca-92cc-5851bb7f86e9/5db2d7f0-100d-4d6a-8180-c814beb241c5,2700,*2700-Pierce- 9.5% Tax Code,*2700-Pierce- 9.5% Tax Code,skipped,0.00%,$0.00
12520,https://login.fieldedge.com/#/DispatchSummary/6491f103-76c3-459a-ba2a-71671b6c0262/d166098e-3190-4ff0-a7f4-4ff4955cc433,2727,*2727 - Pierce- 10.1% Tax Code,*2727 - Pierce- 10.1% Tax Code,skipped,0.00%,$0.00
12529,https://login.fieldedge.com/#/DispatchSummary/f9b65536-95e1-4f6c-9e78-42dcc8dcb2c1/80fa1c56-dff7-42be-81a0-80946393816b,2727,*2727 - Pierce- 10.1% Tax Code,*2727 - Pierce- 10.1% Tax Code,skipped,0.00%,$0.00
12530,https://login.fieldedge.com/#/DispatchSummary/07d0e2b4-6ed4-4be2-8242-4c8e3c179113/cc7ba7cf-4d40-4770-8ff3-191c55e90a41,2721,*2727 - Pierce- 10.1% Tax Code,*2721 - Lakewood - 10.1% Tax Code,new update,0.00%,$0.00
12386,https://login.fieldedge.com/#/DispatchSummary/7d853760-3108-4f0a-a767-db9537af5df5/6cdd24b5-6776-42ae-bec0-3a1b18e5f918,2700,*2700-Pierce- 9.5% Tax Code,*2700-Pierce- 9.5% Tax Code,skipped,0.00%,$0.00
12546,https://login.fieldedge.com/#/DispatchSummary/0cc2ddc4-a133-4bf8-a6a2-de0a780b998f/7ee5de8e-c871-40e6-9d93-f9a4210a0084,4100,*2727 - Pierce- 10.1% Tax Code,*4100 - Pierce- 8.1% Tax Code,new update,-2.00%,-$17.25
12525,https://login.fieldedge.com/#/DispatchSummary/e2c1c79e-01c1-4d2d-963e-f7d372577059/cbdadf8e-57e7-466f-8e68-cbacd60bc346,2700,*2700-Pierce- 9.5% Tax Code,*2700-Pierce- 9.5% Tax Code,skipped,0.00%,$0.00
12548,https://login.fieldedge.com/#/DispatchSummary/20347831-6731-47d7-98d6-51a7c1cb6e55/db5cffc2-1d11-48ed-8131-70d7bb44063a,4000,*KING - 4000 - 8.8.% Tax Code1013-inactive,*KING - 4000 - 8.8.% Tax Code1013-inactive,skipped,+0.10%,$0.00
12522,https://login.fieldedge.com/#/DispatchSummary/60cec168-91dd-4d1e-b559-032ed142fc02/d03e7e7e-b809-4e5a-8ba8-de5ac2ddb437,4100,*2727 - Pierce- 10.1% Tax Code,*2727 - Pierce- 10.1% Tax Code,retry,-2.00%,$0.00
12545,https://login.fieldedge.com/#/DispatchSummary/470cf322-4d15-4d74-8e75-1c6a641bebc1/decedaa5-2969-4d7f-b9b3-5c59a73d0b62,2700,*2700-Pierce- 9.5% Tax Code,*2700-Pierce- 9.5% Tax Code,skipped,0.00%,$0.00
12540,https://login.fieldedge.com/#/DispatchSummary/dd08386f-7ae9-49f6-beb6-ddd47a894680/30842079-0d6e-4061-a063-a5a7bf19b038,4100,*4100 - Pierce- 8.1% Tax Code,*4100 - Pierce- 8.1% Tax Code,skipped,0.00%,$0.00
12564,https://login.fieldedge.com/#/DispatchSummary/ac282ed1-7fe4-4d10-9ac9-e8f8fa2eea49/0bad84ce-cc0e-400b-a455-797e4dc831b5,2727,*2727 - Pierce- 10.1% Tax Code,*2727 - Pierce- 10.1% Tax Code,skipped,0.00%,$0.00
12571,https://login.fieldedge.com/#/DispatchSummary/556d4649-59e4-44fb-80f8-fdb23ba0de5d/c56a33e0-1583-44dc-a33e-6ec1a6cbc866,2727,*2727 - Pierce- 10.1% Tax Code,*2727 - Pierce- 10.1% Tax Code,skipped,0.00%,$0.00
12574,https://login.fieldedge.com/#/DispatchSummary/94e09139-ec7f-4f6e-90d4-2cba08e083b5/91d83c2a-2e8f-4c14-89a1-987216a15c19,2727,*2727 - Pierce- 10.1% Tax Code,*2727 - Pierce- 10.1% Tax Code,skipped,0.00%,$0.00
12535,https://login.fieldedge.com/#/DispatchSummary/a3ade3ed-7d7f-4b9f-ac40-745e0e30ac8e/e761daff-8fd9-4363-91df-fc8bf015b4b6,1732,*FEDERAL WAY - 1732 -10.2.% Tax Code1005-inactive,*FEDERAL WAY - 1732 -10.2.% Tax Code1005-inactive,skipped,+0.10%,$0.00
12563,https://login.fieldedge.com/#/DispatchSummary/d9aeb5c4-1672-4398-897c-90dc37bf8cf0/372c196a-11ed-4442-8084-ac82b2a270b6,1732,*FEDERAL WAY - 1732 -10.2.% Tax Code1005-inactive,*FEDERAL WAY - 1732 -10.2.% Tax Code1005-inactive,skipped,+0.10%,$0.00
12569,https://login.fieldedge.com/#/DispatchSummary/72d9e2f9-2585-4e8c-b45d-92c81b178627/91271a05-8bca-4087-89aa-21e05901bc87,1732,*FEDERAL WAY - 1732 -10.2.% Tax Code1005-inactive,*FEDERAL WAY - 1732 -10.2.% Tax Code1005-inactive,skipped,+0.10%,$0.00
12575,https://login.fieldedge.com/#/DispatchSummary/d6ec2a7c-49a7-4789-8cfe-352fe92adcd1/8403258b-0399-47e0-abd3-4c692828df43,2700,*2717 - TACOMA - 10.3% Tax Code961-inactive,*2700-Pierce- 9.5% Tax Code,new update,-0.80%,-$5.31
12507,https://login.fieldedge.com/#/DispatchSummary/d303e803-4684-401c-ab17-dd4264e91606/fa2b8d2d-23f8-40b9-821f-f278483587f6,4000,*KING - 4000 - 8.8.% Tax Code1013-inactive,*KING - 4000 - 8.8.% Tax Code1013-inactive,skipped,+0.10%,$0.00
12588,https://login.fieldedge.com/#/DispatchSummary/37ee5ee1-3911-4823-a575-1d17368769df/3f5b94cf-f40d-4cf5-95e8-5498a9d9ad63,1702,*AUBURN - 1702 - 10.3.% Tax Code992-inactive,*AUBURN - 1702 - 10.3.% Tax Code992-inactive,skipped,+0.10%,$0.00
12589,https://login.fieldedge.com/#/DispatchSummary/2d85f300-62e1-482b-b8a0-6ebf68b6bb47/68871beb-7451-441b-9f2c-68371b0a4d7d,1732,*FEDERAL WAY - 1732 -10.2.% Tax Code1005-inactive,*FEDERAL WAY - 1732 -10.2.% Tax Code1005-inactive,skipped,+0.10%,$0.00
12612,https://login.fieldedge.com/#/DispatchSummary/aba28b0b-ae62-4390-9ed8-0e6c11559a3d/a00fe4e6-7a1c-4277-a13e-a7a48f4ab5b9,1715,KENT - 1715 Tax Code882-inactive,KENT - 1715 Tax Code882-inactive,skipped,+10.40%,$0.00
12580,https://login.fieldedge.com/#/DispatchSummary/4aa3c815-2a7e-43f6-9100-e792335af05a/096a9234-7e2b-46c5-aad6-6c002f36706d,4100,*4100 - Pierce- 8.1% Tax Code,*4100 - Pierce- 8.1% Tax Code,skipped,0.00%,$0.00
12526,https://login.fieldedge.com/#/DispatchSummary/9d29a237-6e61-4e77-a6fa-707ed4d2d78c/a27c42fb-6a65-4f0f-817f-026a5349975d,4100,*4100 - Pierce- 8.1% Tax Code,*4100 - Pierce- 8.1% Tax Code,skipped,0.00%,$0.00
12609,https://login.fieldedge.com/#/DispatchSummary/f27b2fbf-8224-4116-b03b-d1dba6c41614/6d78266d-2e97-4d9c-b009-eca3dd4a152b,2700,*2700-Pierce- 9.5% Tax Code,*2700-Pierce- 9.5% Tax Code,skipped,0.00%,$0.00
12581,https://login.fieldedge.com/#/DispatchSummary/7a03b19e-3ca7-4772-b9a9-babb3aab7cf9/01bef383-096e-4e42-80f8-32e93fdf8285,4100,*4100 - Pierce- 8.1% Tax Code,*4100 - Pierce- 8.1% Tax Code,skipped,0.00%,$0.00
12605,https://login.fieldedge.com/#/DispatchSummary/773e8210-6f86-4c81-a118-4284b0b55718/035b13f4-49b9-42a6-bc52-ec6141bca30f,4000,*KING - 4000 - 8.8.% Tax Code1013-inactive,*KING - 4000 - 8.8.% Tax Code1013-inactive,skipped,+0.10%,$0.00
12286,https://login.fieldedge.com/#/DispatchSummary/58d47f0f-4b84-4f91-bb25-1acc018a9f94/8c9b2d34-1f92-4d55-af88-80aa361a54e3,4100,*2700-Pierce- 9.5% Tax Code,*4100 - Pierce- 8.1% Tax Code,new update,-1.40%,-$9.30
12592,https://login.fieldedge.com/#/DispatchSummary/9fb093a6-8171-4723-86aa-1cd8d046c6e4/ca4987c9-54e2-4bd7-95e3-ce4e34f7af91,2727,*2727 - Pierce- 10.1% Tax Code,*2727 - Pierce- 10.1% Tax Code,skipped,0.00%,$0.00
12470,https://login.fieldedge.com/#/DispatchSummary/56321046-34c1-435d-ab63-622da2c8ce98/a36cad26-8ba1-4e87-8144-3e4f77f07a07,2700,*2700-Pierce- 9.5% Tax Code,*2700-Pierce- 9.5% Tax Code,skipped,0.00%,$0.00
12606,https://login.fieldedge.com/#/DispatchSummary/2433088b-82a0-449e-b38a-524a6f58222f/d28484fb-acfe-4879-9857-f31cc8b528a5,2727,*2727 - Pierce- 10.1% Tax Code,*2727 - Pierce- 10.1% Tax Code,skipped,0.00%,$0.00
12618,https://login.fieldedge.com/#/DispatchSummary/3e5887a5-e701-41b5-9a80-5a22cc8851e1/50b20b66-3e6d-4031-a892-e7cc009e72c3,2727,*2727 - Pierce- 10.1% Tax Code,*2727 - Pierce- 10.1% Tax Code,skipped,0.00%,$0.00
12646,https://login.fieldedge.com/#/DispatchSummary/ce96f20c-9169-4e8b-ace1-20ce3ecf1053/640a971a-4dcd-4159-9c68-09c677b34bd0,2700,*2700-Pierce- 9.5% Tax Code,*2700-Pierce- 9.5% Tax Code,skipped,0.00%,$0.00
12585,https://login.fieldedge.com/#/DispatchSummary/f9a08023-19d7-42bb-ac91-0648447e0d01/3a206fcc-b0ce-420c-812d-d906e44c2817,2700,*2700-Pierce- 9.5% Tax Code,*2700-Pierce- 9.5% Tax Code,skipped,0.00%,$0.00
12643,https://login.fieldedge.com/#/DispatchSummary/65ffdb54-d765-40e3-88fc-4eb28fb8f54e/2c386bd1-3bc7-4e86-affc-b9b697b1d095,2700,*2701 - Bonney Lake - 9.5% Tax Code,*2700-Pierce- 9.5% Tax Code,new update,0.00%,$0.00
12645,https://login.fieldedge.com/#/DispatchSummary/150ec5a5-e024-4454-955a-fe94be868a9e/125987a7-b7f2-4778-bfd1-52adc1e2a51f,2700,*2700-Pierce- 9.5% Tax Code,*2700-Pierce- 9.5% Tax Code,skipped,0.00%,$0.00
12607,https://login.fieldedge.com/#/DispatchSummary/0e82473f-9abc-4a24-b3b5-4f80c9f8e34c/16f04a52-88e4-47b0-a2f1-4a0ec1a02f0a,2720,*2700-Pierce- 9.5% Tax Code,*2720 - Edgewood - 10.1% Tax Code,new update,+0.60%,$8.61
12638,https://login.fieldedge.com/#/DispatchSummary/77413072-f503-44de-9cc2-d88755f2e85f/3abe07b7-e2c6-4dd5-8fbd-7662562a5565,1732,*FEDERAL WAY - 1732 -10.2.% Tax Code1005-inactive,*FEDERAL WAY - 1732 -10.2.% Tax Code1005-inactive,skipped,+0.10%,$0.00
12632,https://login.fieldedge.com/#/DispatchSummary/0570c63c-ff9d-4009-8df6-77e1f15bf3ee/15cbb9d1-b361-4835-93e9-6f32db888e4c,2727,*2727 - Pierce- 10.1% Tax Code,*2727 - Pierce- 10.1% Tax Code,skipped,0.00%,$0.00
12625,https://login.fieldedge.com/#/DispatchSummary/b282b7d7-286b-4448-9cc0-86299f23171f/a717112f-1d73-4808-8b27-9e0159fcdb4f,4100,*4100 - Pierce- 8.1% Tax Code,*4100 - Pierce- 8.1% Tax Code,skipped,0.00%,$0.00
12655,https://login.fieldedge.com/#/DispatchSummary/d1cd8d44-4039-4247-8056-08978ca808cf/b50828bf-80b9-44ab-9218-838f4ba20003,2700,*2700-Pierce- 9.5% Tax Code,*2700-Pierce- 9.5% Tax Code,skipped,0.00%,$0.00
12675,https://login.fieldedge.com/#/DispatchSummary/013c50bd-48d9-4ca2-b445-4fd247b85d56/0eeb038f-68d0-4025-a6f8-f00d9d516998,2700,*2700-Pierce- 9.5% Tax Code,*2700-Pierce- 9.5% Tax Code,skipped,0.00%,$0.00
12652,https://login.fieldedge.com/#/DispatchSummary/9169270f-c820-42b7-9de6-4676e962d672/af1fa87e-ef34-4f90-bb57-81f9178b3174,2700,*2700-Pierce- 9.5% Tax Code,*2700-Pierce- 9.5% Tax Code,skipped,0.00%,$0.00
12700,https://login.fieldedge.com/#/DispatchSummary/bed204d7-1126-4f36-8650-2c5dc6914570/9d00b76f-1084-424b-9317-aa06d47214a6,2727,*2727 - Pierce- 10.1% Tax Code,*2727 - Pierce- 10.1% Tax Code,skipped,0.00%,$0.00
12702,https://login.fieldedge.com/#/DispatchSummary/265f52eb-3e20-4ffe-a89f-01d514e78411/abe9a9f9-b465-4ce7-bc69-fcc328ac597b,2700,*2700-Pierce- 9.5% Tax Code,*2700-Pierce- 9.5% Tax Code,skipped,0.00%,$0.00
12705,https://login.fieldedge.com/#/DispatchSummary/ee1ed90c-c704-407a-acfe-7a738f8ea65b/d481a6d3-56de-490b-a48b-0cc14daff9b7,2727,*2727 - Pierce- 10.1% Tax Code,*2727 - Pierce- 10.1% Tax Code,skipped,0.00%,$0.00
12736,https://login.fieldedge.com/#/DispatchSummary/2fb5930d-1504-4e55-aa90-b2a543dffec1/8bbcf5aa-8a00-491a-b2c8-ed8c03477c0f,2717,*2717 - TACOMA - 10.3% Tax Code961-inactive,*2717 - TACOMA - 10.3% Tax Code961-inactive,skipped,+0.10%,$0.00
12726,https://login.fieldedge.com/#/DispatchSummary/5f3e8ec0-331a-4c37-bb38-6ec6aa5e03d4/8370cba6-ad5f-4505-ab5e-0902ee4dde1e,2727,*2727 - Pierce- 10.1% Tax Code,*2727 - Pierce- 10.1% Tax Code,skipped,0.00%,$0.00
12732,https://login.fieldedge.com/#/DispatchSummary/9d602e39-01ef-4684-b307-60556331b56a/18524d25-de65-4dd9-9d56-465fe3d7a558,2700,*2700-Pierce- 9.5% Tax Code,*2700-Pierce- 9.5% Tax Code,skipped,0.00%,$0.00
12743,https://login.fieldedge.com/#/DispatchSummary/0688456d-3aa7-490c-883c-7e6979bbac02/07e8d0c9-592a-48a4-a89c-9bb5b2df6f84,2720,,,error,,
12744,https://login.fieldedge.com/#/DispatchSummary/96f791b2-c552-4491-888f-17147f156c7f/d621b671-54cc-4d34-b096-980f4234e607,2720,,,error,,
12666,https://login.fieldedge.com/#/DispatchSummary/7842fb82-d5f8-4fd8-90b7-a2daf8ceb50e/79090c73-978b-4afe-b070-0107dfc88ff0,2727,*2727 - Pierce- 10.1% Tax Code,*2727 - Pierce- 10.1% Tax Code,skipped,0.00%,$0.00
12739,https://login.fieldedge.com/#/DispatchSummary/0f4eb62c-2168-430b-8530-64830baea368/656bf0ac-2dee-4722-928b-50e1195fef9d,2727,*2727 - Pierce- 10.1% Tax Code,*2727 - Pierce- 10.1% Tax Code,skipped,0.00%,$0.00
12740,https://login.fieldedge.com/#/DispatchSummary/2b1cd50e-1009-464e-9c10-138a4331d8a1/990bb8c6-e0ff-4385-8b15-fd0fc17a6481,2700,*2700-Pierce- 9.5% Tax Code,*2700-Pierce- 9.5% Tax Code,skipped,0.00%,$0.00
12751,https://login.fieldedge.com/#/DispatchSummary/7e3b73cd-ac1e-4657-9f70-ba9fbea766eb/11236d73-7e44-4e54-ab69-a1a9be2a3d55,2700,PIERCE - 2700 Tax Code842-inactive,PIERCE - 2700 Tax Code842-inactive,skipped,+9.50%,$0.00
12741,https://login.fieldedge.com/#/DispatchSummary/78414eb3-d693-4de3-b1b1-9edae594fef7/46bdb066-67de-49d6-a56e-d2fb3010529a,2719,*2719-University Place-10.1% Tax Cod,*2719-University Place-10.1% Tax Cod,skipped,0.00%,$0.00
12791,https://login.fieldedge.com/#/DispatchSummary/240fc794-d543-4f1f-9ca9-5040a91d481b/f77df815-906a-497f-b1df-6bbd514f88ff,2700,*2700-Pierce- 9.5% Tax Code,*2700-Pierce- 9.5% Tax Code,skipped,0.00%,$0.00
12689,https://login.fieldedge.com/#/DispatchSummary/da6b9a51-b42f-4e01-9e80-7fafdadd07cf/19e55518-7bb4-416d-9d2b-e43f01f4b5f7,2700,*2700-Pierce- 9.5% Tax Code,*2700-Pierce- 9.5% Tax Code,skipped,0.00%,$0.00
12763,https://login.fieldedge.com/#/DispatchSummary/02e6a06d-4cd6-4e1a-bb20-053578b821cf/460973f4-c56e-4d8a-aaa6-bed2582dcdb5,2700,*2700-Pierce- 9.5% Tax Code,*2700-Pierce- 9.5% Tax Code,skipped,0.00%,$727.08
12778,https://login.fieldedge.com/#/DispatchSummary/95742627-84b2-4e5b-b55a-6bb38fb12b9b/2ea89c9b-5b6b-4834-916b-ae484cf1e19c,2727,*2700-Pierce- 9.5% Tax Code,*2727 - Pierce- 10.1% Tax Code,new update,+0.60%,$3.98
12724,https://login.fieldedge.com/#/DispatchSummary/2e5cbdab-528a-46ae-89d1-ca3151ae9b34/c7e47a70-661d-4cc6-9078-37c5c243640c,2711,*PUYALLUP - 2711 -10.1.% Tax Code979-inactive,*PUYALLUP - 2711 -10.1.% Tax Code979-inactive,skipped,+0.10%,$0.00
12775,https://login.fieldedge.com/#/DispatchSummary/82dc4090-58ea-4de4-8c5d-8850fc98583f/7923c2b0-9dde-417a-95f6-4e4968806bd3,2727,*2727 - Pierce- 10.1% Tax Code,*2727 - Pierce- 10.1% Tax Code,skipped,0.00%,$0.00
12794,https://login.fieldedge.com/#/DispatchSummary/43777cb2-5b8d-4109-8fe6-e51d4f6554a6/77c22fe1-f4bb-4a60-a620-f9fee341afbe,2700,*2700-Pierce- 9.5% Tax Code,*2700-Pierce- 9.5% Tax Code,skipped,0.00%,$0.00
12798,https://login.fieldedge.com/#/DispatchSummary/dbaa2de4-55f9-4dd1-912c-7d2d86cb4f8d/a341264f-7845-45aa-a515-9f81172093f7,4100,*4100 - Pierce- 8.1% Tax Code,*4100 - Pierce- 8.1% Tax Code,skipped,0.00%,$0.00
12813,https://login.fieldedge.com/#/DispatchSummary/fdad6c22-977e-44fb-be94-8301c10134cb/d9a0d8c2-2aa1-428d-a180-73b8459e4dae,2727,*2727 - Pierce- 10.1% Tax Code,*2727 - Pierce- 10.1% Tax Code,skipped,0.00%,$0.00
12720,https://login.fieldedge.com/#/DispatchSummary/7c35ce65-a992-41a1-bb91-bae4aabc4c60/1d1f958b-9d93-4a44-90f3-f0c62466fba5,4100,*4100 - Pierce- 8.1% Tax Code,*4100 - Pierce- 8.1% Tax Code,skipped,0.00%,$0.00
12804,https://login.fieldedge.com/#/DispatchSummary/7a6b91dc-ca9e-493c-b2d8-efe17ab5b971/62d188f1-9744-4e24-aee5-8de8e514b43f,2720,*2720 - Edgewood - 10.1% Tax Code,*2720 - Edgewood - 10.1% Tax Code,skipped,0.00%,$0.00
12815,https://login.fieldedge.com/#/DispatchSummary/b383dcae-47c2-4deb-87a0-7ccad3d095ff/816d34ab-4391-46aa-9409-50c82e9eaf76,2711,*PUYALLUP - 2711 -10.1.% Tax Code979-inactive,*PUYALLUP - 2711 -10.1.% Tax Code979-inactive,skipped,+0.10%,$0.00
12767,https://login.fieldedge.com/#/DispatchSummary/acacfac9-b34a-4501-9445-5a503056bede/1f3ec83b-dbcc-4877-a00f-fd1a2ec37d83,2700,*2700-Pierce- 9.5% Tax Code,*2700-Pierce- 9.5% Tax Code,skipped,0.00%,$0.00
12668,https://login.fieldedge.com/#/DispatchSummary/62462848-ff38-49b6-b3b8-3727c62d4cb3/71b68426-3fdf-42a1-b7bb-3072ed479c86,2727,*2727 - Pierce- 10.1% Tax Code,*2727 - Pierce- 10.1% Tax Code,skipped,0.00%,$0.00
12817,https://login.fieldedge.com/#/DispatchSummary/280e4c61-5888-4d45-85f0-81ef7b122aa4/d0767140-be40-4519-a4d2-a2474836259d,2700,*2700-Pierce- 9.5% Tax Code,*2700-Pierce- 9.5% Tax Code,skipped,0.00%,$0.00
12827,https://login.fieldedge.com/#/DispatchSummary/4136cf16-3c35-4fcc-bba6-cac93b8b3425/2de59c68-b02b-4ec0-b9ef-8a10e107660d,2700,*2720 - Edgewood - 10.1% Tax Code,*2700-Pierce- 9.5% Tax Code,new update,-0.60%,-$8.95
12841,https://login.fieldedge.com/#/DispatchSummary/89822d96-27b0-4689-beba-26e4a00e29c4/6778bd7e-cbf3-4d82-8acb-b58b87b0493b,2700,*2700-Pierce- 9.5% Tax Code,*2700-Pierce- 9.5% Tax Code,skipped,0.00%,$0.00
12846,https://login.fieldedge.com/#/DispatchSummary/ee5cdcca-ad08-4971-9c80-30c94d29bc26/ae9409d8-7a21-4ba3-9d4b-3a6fd212214c,2727,*2727 - Pierce- 10.1% Tax Code,*2727 - Pierce- 10.1% Tax Code,skipped,0.00%,$0.00
12820,https://login.fieldedge.com/#/DispatchSummary/d5d00a61-0792-45f0-840f-0d648f584744/dbb10803-ac65-4cce-975b-9edfb3f2b705,2727,*2727 - Pierce- 10.1% Tax Code,*2727 - Pierce- 10.1% Tax Code,skipped,0.00%,$0.00
12837,https://login.fieldedge.com/#/DispatchSummary/63f21df8-4b10-4d28-89ce-0ec89df9378b/bf95831e-a8df-464c-aaad-fcf5cd35ee3b,2700,*2700-Pierce- 9.5% Tax Code,*2700-Pierce- 9.5% Tax Code,skipped,0.00%,$0.00
12842,https://login.fieldedge.com/#/DispatchSummary/99113bb8-23ce-4bf5-8f20-e899a22371bd/e127ba69-3e87-4177-a7aa-b5cd0b78ec81,2709,*2709 - Milton - 10.1% Tax Code,*2709 - Milton - 10.1% Tax Code,skipped,0.00%,$0.00
12877,https://login.fieldedge.com/#/DispatchSummary/1243f213-40e8-45cc-8070-a4623df06c12/e2eb433b-571d-4b59-96a3-35a89d547f02,2727,*2727 - Pierce- 10.1% Tax Code,*2727 - Pierce- 10.1% Tax Code,skipped,0.00%,$0.00
12853,https://login.fieldedge.com/#/DispatchSummary/27334467-363b-4b67-8431-65474627e9eb/c661b55c-32a6-4e44-9b73-b5f8aeab11e5,2700,*2700-Pierce- 9.5% Tax Code,*2700-Pierce- 9.5% Tax Code,skipped,0.00%,$0.00
12891,https://login.fieldedge.com/#/DispatchSummary/098cc6d2-5241-4db6-a9ef-9ff82e5005ea/9e15db2d-6dec-490e-a820-e5b110481c91,2700,*2700-Pierce- 9.5% Tax Code,*2700-Pierce- 9.5% Tax Code,skipped,0.00%,$0.00
12890,https://login.fieldedge.com/#/DispatchSummary/d4927b44-6177-4f15-aa70-638c0f009f42/7551316a-60c0-4b28-9b26-041528a601dd,2727,*2727 - Pierce- 10.1% Tax Code,*2727 - Pierce- 10.1% Tax Code,skipped,0.00%,$0.00
12893,https://login.fieldedge.com/#/DispatchSummary/18f90179-afe3-401e-8796-0a37bf4d7e55/8a55744c-c27c-4183-a3fd-3145dee7fbe6,4100,*NON TAX - RESALE Tax Code,*4100 - Pierce- 8.1% Tax Code,new update,+8.10%,$65.93
12810,https://login.fieldedge.com/#/DispatchSummary/c8c49f22-7df9-4430-a1d2-4e1e33be55e6/c06dfcdc-c888-4a0c-9375-cf4dce7a6096,4100,*2712 - Roy - 8.2% Tax Code,*4100 - Pierce- 8.1% Tax Code,new update,-0.10%,-$1.88
12909,https://login.fieldedge.com/#/DispatchSummary/93f084dd-1fd5-4ea4-a083-7df43a67493c/fbd64359-7496-4e31-8093-6f4c9d4fe360,4100,*4100 - Pierce- 8.1% Tax Code,*4100 - Pierce- 8.1% Tax Code,skipped,0.00%,$0.00
12905,https://login.fieldedge.com/#/DispatchSummary/f80fdd59-c6a1-4a3c-b993-70dd08a62201/c07d1a85-d24a-4541-845c-afe6df241b87,2727,*2727 - Pierce- 10.1% Tax Code,*2727 - Pierce- 10.1% Tax Code,skipped,0.00%,$0.00
12863,https://login.fieldedge.com/#/DispatchSummary/fe59970f-4581-4c21-b26f-249b4d1cc031/e353719b-fd71-42e9-a93a-e50709e8d7c5,4100,*4100 - Pierce- 8.1% Tax Code,*4100 - Pierce- 8.1% Tax Code,skipped,0.00%,$0.00
12867,https://login.fieldedge.com/#/DispatchSummary/7063b08f-66b8-4e1e-af13-9b37e19b7128/06249385-201b-4a3c-a0d7-ac3ad91e4643,1702,*AUBURN - 1702 - 10.3.% Tax Code992-inactive,*AUBURN - 1702 - 10.3.% Tax Code992-inactive,skipped,+0.10%,$0.00
12914,https://login.fieldedge.com/#/DispatchSummary/7415c8a7-b7e7-4467-9996-0709d62f2cbe/bfd791d9-6905-4e4c-9838-5e6273a68206,4100,*4100 - Pierce- 8.1% Tax Code,*4100 - Pierce- 8.1% Tax Code,skipped,0.00%,$0.00
12927,https://login.fieldedge.com/#/DispatchSummary/b8d7d620-6d56-43c2-be22-546078f01e97/fa71c423-573d-470a-ab85-20c78fe7f751,2727,*2721 - Lakewood - 10.1% Tax Code,*2727 - Pierce- 10.1% Tax Code,new update,0.00%,$0.00
12913,https://login.fieldedge.com/#/DispatchSummary/4317659a-802c-4b7a-a385-814852badde3/f22f1ade-7208-48ac-970f-6f866a1f93ec,4100,*2727 - Pierce- 10.1% Tax Code,*2727 - Pierce- 10.1% Tax Code,retry,-2.00%,$0.00
12882,https://login.fieldedge.com/#/DispatchSummary/88f27597-c9ad-4d1c-83fb-6163b31debf4/b34a995f-e359-4f33-af30-27f5f79c2968,2727,*2727 - Pierce- 10.1% Tax Code,*2727 - Pierce- 10.1% Tax Code,skipped,0.00%,$0.00
12950,https://login.fieldedge.com/#/DispatchSummary/e2797668-583f-4def-828e-b6fb83c4dc71/5a06b7e6-0321-4a48-9922-94792f26f38a,2727,PIERCE - 2727 Tax Code844-inactive,PIERCE - 2727 Tax Code844-inactive,skipped,+10.10%,$0.00
12951,https://login.fieldedge.com/#/DispatchSummary/538ec088-25ef-499a-939f-fad94a67b5e2/2abf9ec6-8cc6-4434-84ba-34921fb6b45c,4100,*4100 - Pierce- 8.1% Tax Code,*4100 - Pierce- 8.1% Tax Code,skipped,0.00%,$0.00
12915,https://login.fieldedge.com/#/DispatchSummary/06996913-4da1-4703-be24-60bb2a0dcd25/41d1ba23-0b57-45f9-a3a1-200e3f31f940,2709,*NON TAX - RESALE Tax Code,*2709 - Milton - 10.1% Tax Code,new update,+10.10%,$50.40
12964,https://login.fieldedge.com/#/DispatchSummary/71eb63fc-aea0-4493-9fce-eb5c34954040/9bc0c7f6-2f93-48c1-90fd-f786bc560dc3,2721,PIERCE - 2700 Tax Code842-inactive,*2721 - Lakewood - 10.1% Tax Code,new update,+10.10%,$7.63
12968,https://login.fieldedge.com/#/DispatchSummary/e21e0dc6-a23b-41c1-a8bc-fb8b915d537b/cdfeae8e-67b8-4182-8dbb-75a2cad84296,2727,*2727 - Pierce- 10.1% Tax Code,*2727 - Pierce- 10.1% Tax Code,skipped,0.00%,$0.00
12974,https://login.fieldedge.com/#/DispatchSummary/9d33250e-a32e-4217-b8f0-9dfeb7333f23/baee6dcd-429f-4891-aae4-488b4caa8646,2727,*2727 - Pierce- 10.1% Tax Code,*2727 - Pierce- 10.1% Tax Code,skipped,0.00%,$0.00
12980,https://login.fieldedge.com/#/DispatchSummary/09ece89e-1ba4-4407-9ef5-fab9ed5c824e/51203737-0e88-494f-bcbc-bdbb3cdd34f1,2727,*2727 - Pierce- 10.1% Tax Code,*2727 - Pierce- 10.1% Tax Code,skipped,0.00%,$0.00
12943,https://login.fieldedge.com/#/DispatchSummary/16264617-d092-495b-9f5d-f89700fd9565/a4bf7c3f-57b1-4e87-b6b0-f35bbc82e527,2700,*2700-Pierce- 9.5% Tax Code,*2700-Pierce- 9.5% Tax Code,skipped,0.00%,$0.00
12906,https://login.fieldedge.com/#/DispatchSummary/f99744dc-8bc8-4fed-a844-8f19c2029c84/fb288af7-c754-486e-b419-4396fb123018,2700,*2700-Pierce- 9.5% Tax Code,*2700-Pierce- 9.5% Tax Code,skipped,0.00%,$0.00
12924,https://login.fieldedge.com/#/DispatchSummary/7e5de8e4-b9de-4814-9431-369792f255e1/4d72a081-2e4c-473a-99c0-4d1d7d6cfb54,2727,*2727 - Pierce- 10.1% Tax Code,*2727 - Pierce- 10.1% Tax Code,skipped,0.00%,$0.00
12976,https://login.fieldedge.com/#/DispatchSummary/8da25850-57bb-4950-8542-2a65061adcba/a804dc09-6d0f-44cb-82a8-b786c33b8064,2727,*2700-Pierce- 9.5% Tax Code,*2727 - Pierce- 10.1% Tax Code,new update,+0.60%,$7.28
12990,https://login.fieldedge.com/#/DispatchSummary/85486d9a-3859-4b19-a590-07217a406aec/cb82cf6e-adc6-4086-8068-1b04d654765f,2700,*2700-Pierce- 9.5% Tax Code,*2700-Pierce- 9.5% Tax Code,skipped,0.00%,$0.00
12916,https://login.fieldedge.com/#/DispatchSummary/a9852c04-10b9-43ce-b7ff-a38ed27202fd/fa5339df-f3e4-443e-b977-577bf08ced6e,2709,*NON TAX - RESALE Tax Code,*2709 - Milton - 10.1% Tax Code,new update,+10.10%,$50.40
12982,https://login.fieldedge.com/#/DispatchSummary/cb83bb00-2b9e-4230-ad0c-e79a1dc08752/f89f629e-f330-4e06-bb64-cf704c1a6db9,2727,*2727 - Pierce- 10.1% Tax Code,*2727 - Pierce- 10.1% Tax Code,skipped,0.00%,$0.00
13005,https://login.fieldedge.com/#/DispatchSummary/69c1d674-e92d-4595-bd17-f400d2cb3a30/e9d62fcb-db95-4cd6-9c8d-3dd5e9a990dd,2727,*2727 - Pierce- 10.1% Tax Code,*2727 - Pierce- 10.1% Tax Code,skipped,0.00%,$0.00
12997,https://login.fieldedge.com/#/DispatchSummary/69cbcf5f-34d5-42f6-9c0f-0c0fe40e92ae/3fce65ef-e811-421f-9605-eb7f82017de4,4100,*4100 - Pierce- 8.1% Tax Code,*4100 - Pierce- 8.1% Tax Code,skipped,0.00%,$0.00
12991,https://login.fieldedge.com/#/DispatchSummary/b1857042-9b4c-494d-86ab-b219b366bc4f/e8738358-673c-4600-a17b-085139e983d6,2789,*2789 - Pierce - 8.1% Tax Code,*2789 - Pierce - 8.1% Tax Code,skipped,0.00%,$0.00
13006,https://login.fieldedge.com/#/DispatchSummary/c38b3273-c353-4f7b-b22f-675f60c84608/9f75e3d4-c270-46cb-b730-74dadb1c6caa,2700,*2700-Pierce- 9.5% Tax Code,*2700-Pierce- 9.5% Tax Code,skipped,0.00%,$0.00
13007,https://login.fieldedge.com/#/DispatchSummary/a5e48a2c-e34a-46bb-bee8-3e441140190f/574fecb5-efda-4d51-85be-da4740af7158,2711,*PUYALLUP - 2711 -10.1.% Tax Code979-inactive,*PUYALLUP - 2711 -10.1.% Tax Code979-inactive,skipped,+0.10%,$0.00
13014,https://login.fieldedge.com/#/DispatchSummary/23dda3e7-d202-4249-b8c4-5e7f068cce93/285490b2-2ab6-44cd-b0f4-eefaf5485450,2727,*2727 - Pierce- 10.1% Tax Code,*2727 - Pierce- 10.1% Tax Code,not edidtable,0.00%,$731.06
13016,https://login.fieldedge.com/#/DispatchSummary/1aefaea5-bc06-4a2a-89b2-20da61d65c45/5437478b-d6c0-4dca-be88-69dc7fa58005,2727,*2727 - Pierce- 10.1% Tax Code,*2727 - Pierce- 10.1% Tax Code,skipped,0.00%,$0.00
13004,https://login.fieldedge.com/#/DispatchSummary/03a8c573-79a6-439b-ab48-6c324fe7de10/5e1258c7-5bc7-4f97-acbd-a09499daaebe,2720,PIERCE - 2700 Tax Code842-inactive,*2720 - Edgewood - 10.1% Tax Code,new update,+10.10%,$3.98
12994,https://login.fieldedge.com/#/DispatchSummary/5fc7313d-7662-4349-affb-9568172754b9/f6de3fa1-c2a5-405c-b785-d4290bacd459,2720,*2720 - Edgewood - 10.1% Tax Code,*2720 - Edgewood - 10.1% Tax Code,skipped,0.00%,$0.00
13021,https://login.fieldedge.com/#/DispatchSummary/230ce82e-062d-4a9f-a506-d59505fd2a88/4ebebe51-202c-411e-9021-2c8cab50496b,2700,*2727 - Pierce- 10.1% Tax Code,*2700-Pierce- 9.5% Tax Code,new update,-0.60%,-$3.98
13023,https://login.fieldedge.com/#/DispatchSummary/6f5e8979-48d2-4ebe-930a-a773b27d07a7/70b6b0f0-5bc3-4791-9785-82728b62e5ed,2727,*2727 - Pierce- 10.1% Tax Code,*2727 - Pierce- 10.1% Tax Code,skipped,0.00%,$0.00
13037,https://login.fieldedge.com/#/DispatchSummary/bc158977-e8f8-4a03-ac2e-09f6972350d6/9612254a-1e24-4c74-85f6-7496d5e0cbdc,4100,*2700-Pierce- 9.5% Tax Code,*4100 - Pierce- 8.1% Tax Code,new update,-1.40%,-$25.75
12917,https://login.fieldedge.com/#/DispatchSummary/a8823200-06d9-4b31-9b30-e5c63b092798/3a0231b5-f8a6-4015-b7e6-73c0d78d8b61,2709,*NON TAX - RESALE Tax Code,*2709 - Milton - 10.1% Tax Code,new update,+10.10%,$50.40
13036,https://login.fieldedge.com/#/DispatchSummary/07baed60-0308-4c89-bff4-20f3162079bf/34864c31-efac-47e0-b20f-16520b58dde2,2727,*2727 - Pierce- 10.1% Tax Code,*2727 - Pierce- 10.1% Tax Code,skipped,0.00%,$0.00
13031,https://login.fieldedge.com/#/DispatchSummary/5a6be4c9-c03c-42e4-9190-6a5ae909d45a/ae41387f-c88d-4053-8301-244da6cd363e,2727,*2727 - Pierce- 10.1% Tax Code,*2727 - Pierce- 10.1% Tax Code,skipped,0.00%,$0.00
13062,https://login.fieldedge.com/#/DispatchSummary/83a8dd0c-7157-4db1-b0cf-17db3970cd12/7234a4d9-6f22-4599-9c22-3f4599aaf780,2727,*2727 - Pierce- 10.1% Tax Code,*2727 - Pierce- 10.1% Tax Code,skipped,0.00%,$0.00
13028,https://login.fieldedge.com/#/DispatchSummary/ee289f69-9e5a-4fbc-abd2-003204b535d7/a6f6a82d-b5a3-42a1-949c-e038f405eff5,4100,*4100 - Pierce- 8.1% Tax Code,*4100 - Pierce- 8.1% Tax Code,skipped,0.00%,$0.00
13043,https://login.fieldedge.com/#/DispatchSummary/42bad4d2-0c8b-4e13-8d4b-698e87f73b44/6f4e55cb-0c0c-4a81-a67a-ca69f84b7ba3,2727,*2727 - Pierce- 10.1% Tax Code,*2727 - Pierce- 10.1% Tax Code,skipped,0.00%,$0.00
13057,https://login.fieldedge.com/#/DispatchSummary/6cc29233-afc1-4c2a-aa79-d6c05afcf7a8/c3645bcc-4eeb-4007-8b8e-fd70c268f759,4100,*4100 - Pierce- 8.1% Tax Code,*4100 - Pierce- 8.1% Tax Code,skipped,0.00%,$0.00
13077,https://login.fieldedge.com/#/DispatchSummary/bc25fb7e-ab91-4723-89a4-62179c825ab0/8570885c-6cef-45e4-9c3e-e077715ba0cb,2727,*2727 - Pierce- 10.1% Tax Code,*2727 - Pierce- 10.1% Tax Code,skipped,0.00%,$0.00
13058,https://login.fieldedge.com/#/DispatchSummary/c60475ea-37c1-4aad-b96b-80b97cd6d1be/be6c0541-7ce5-4a7e-8b85-901a188fa2f8,2727,*2727 - Pierce- 10.1% Tax Code,*2727 - Pierce- 10.1% Tax Code,skipped,0.00%,$0.00
13074,https://login.fieldedge.com/#/DispatchSummary/4786fd00-be84-42e5-b252-830e02228dfd/cf73f5bd-9221-4e08-bbb9-87a3bb3bbeae,2727,*2727 - Pierce- 10.1% Tax Code,*2727 - Pierce- 10.1% Tax Code,skipped,0.00%,$0.00
13042,https://login.fieldedge.com/#/DispatchSummary/348cd663-85da-47c8-b550-f700370f8ef2/39396d64-13ef-4b90-967b-fb0c80d573a3,2727,*2727 - Pierce- 10.1% Tax Code,*2727 - Pierce- 10.1% Tax Code,skipped,0.00%,$0.00
13067,https://login.fieldedge.com/#/DispatchSummary/c44f5f57-1cec-4445-be83-23ae6bcfe3c9/e0f2e030-c959-4f34-8ebc-4825a5a56fff,2720,*2720 - Edgewood - 10.1% Tax Code,*2720 - Edgewood - 10.1% Tax Code,skipped,0.00%,$0.00
13088,https://login.fieldedge.com/#/DispatchSummary/7517908e-5c85-4636-83bf-f20e4c416047/1dc54c9d-5edc-459f-9a5b-b2893fe012c0,2706,*2727 - Pierce- 10.1% Tax Code,*2706 - Fife -10.1% Tax Code,new update,0.00%,$0.00
13022,https://login.fieldedge.com/#/DispatchSummary/f93e8ccd-b8e4-44ad-8fc7-bfe4e519e31f/b9216dc5-7334-4c93-b565-0b1a3e947547,2700,*2700-Pierce- 9.5% Tax Code,*2700-Pierce- 9.5% Tax Code,skipped,0.00%,$0.00
13045,https://login.fieldedge.com/#/DispatchSummary/c931f2a2-673f-4618-877f-699eea65155a/3ef87538-7b17-4b44-842b-4d45278bb614,2727,*2727 - Pierce- 10.1% Tax Code,*2727 - Pierce- 10.1% Tax Code,skipped,0.00%,$0.00
13096,https://login.fieldedge.com/#/DispatchSummary/15852304-dee5-46b5-8890-7130c170f290/ec58777a-83a3-42d8-83a5-163cf721ed2e,2700,*2700-Pierce- 9.5% Tax Code,*2700-Pierce- 9.5% Tax Code,skipped,0.00%,$0.00
12873,https://login.fieldedge.com/#/DispatchSummary/0fb7fd29-b463-4e3d-8fd5-15ae125b3a2e/fe51becb-3dac-4267-8f9f-3f6151e20f95,2727,*2700-Pierce- 9.5% Tax Code,*2727 - Pierce- 10.1% Tax Code,new update,+0.60%,$7.63
13109,https://login.fieldedge.com/#/DispatchSummary/59e357fb-d957-4a43-b7d7-e90814f43e86/74eb7897-d43c-4f97-bb18-22b3148006f9,2700,*2700-Pierce- 9.5% Tax Code,*2700-Pierce- 9.5% Tax Code,skipped,0.00%,$0.00
13101,https://login.fieldedge.com/#/DispatchSummary/59eb0351-68e6-415c-b162-db6d80fb9de1/70ca64f7-2e62-45e0-8cb0-e38d2c3b8d00,2727,*2727 - Pierce- 10.1% Tax Code,*2727 - Pierce- 10.1% Tax Code,skipped,0.00%,$0.00
13126,https://login.fieldedge.com/#/DispatchSummary/18a0b215-27ec-41de-8143-78fe2245ee05/48ff583c-1ea1-4bf4-b2ca-64a4fae9c3d9,2700,*2700-Pierce- 9.5% Tax Code,*2700-Pierce- 9.5% Tax Code,skipped,0.00%,$0.00
13093,https://login.fieldedge.com/#/DispatchSummary/ab7c62ae-112b-4269-a547-1dba43cae197/b8f89529-8427-4c76-ba35-ff57305d552c,2700,*2727 - Pierce- 10.1% Tax Code,*2700-Pierce- 9.5% Tax Code,new update,-0.60%,-$17.04
13142,https://login.fieldedge.com/#/DispatchSummary/07f2dde9-2e48-4131-af87-fb8c835ad541/6b890dda-598e-4f80-8e79-d2e4dc56c9ed,2727,*2727 - Pierce- 10.1% Tax Code,*2727 - Pierce- 10.1% Tax Code,skipped,0.00%,$0.00
13111,https://login.fieldedge.com/#/DispatchSummary/350f13e8-ec5b-4ca1-9856-68f26ba1d790/4f1ebe89-5622-467c-b9c2-094e18e935ac,4100,*NON TAX - RESALE Tax Code,*4100 - Pierce- 8.1% Tax Code,new update,+8.10%,$48.52
13054,https://login.fieldedge.com/#/DispatchSummary/bc956f81-496e-4205-b7d2-3117ae2842a3/68de9f26-152f-4430-8e95-3b5cd6ed6750,4000,*4004- BELLEVUE- 8.8% Tax Code940-inactive,*4000 - King County- 8.9% Tax Code,new update,+0.10%,$0.70
13044,https://login.fieldedge.com/#/DispatchSummary/0f9a3cb2-2a1c-441a-af95-3c6608965048/a3f5aa13-94d5-4e9a-a5cf-f21d0d42026f,4000,*KING - 4000 - 8.8.% Tax Code1013-inactive,*KING - 4000 - 8.8.% Tax Code1013-inactive,skipped,+0.10%,$0.00
13158,https://login.fieldedge.com/#/DispatchSummary/331d7745-13f2-4f39-98ce-3eb71be7a55a/1d236ed0-eced-4cf6-883b-03f57ddf1c13,2700,*2700-Pierce- 9.5% Tax Code,*2700-Pierce- 9.5% Tax Code,skipped,0.00%,$0.00
13150,https://login.fieldedge.com/#/DispatchSummary/e55423d0-93d7-4a97-a26b-ba7e077bc8bc/5f018318-2493-4fe7-addc-594912cd037f,2727,*2727 - Pierce- 10.1% Tax Code,*2727 - Pierce- 10.1% Tax Code,skipped,0.00%,$0.00
13135,https://login.fieldedge.com/#/DispatchSummary/2f61acd7-3230-4fdd-b84f-9722dc66f4da/895bd3ae-08a2-4d4d-8311-3780c9d20a3c,2700,*2700-Pierce- 9.5% Tax Code,*2700-Pierce- 9.5% Tax Code,skipped,0.00%,$0.00
13144,https://login.fieldedge.com/#/DispatchSummary/dc2afac9-5c2f-408c-87ff-76ad8cbeca77/d0895bc1-f910-4c1f-905e-d2a31550a1f1,2727,*2727 - Pierce- 10.1% Tax Code,*2727 - Pierce- 10.1% Tax Code,skipped,0.00%,$0.00
13145,https://login.fieldedge.com/#/DispatchSummary/f7ea5198-d873-468c-a55d-abde1a0f71ff/ec3745ad-16e2-4920-8ebe-1d42e40c13c3,2727,*2727 - Pierce- 10.1% Tax Code,*2727 - Pierce- 10.1% Tax Code,skipped,0.00%,$0.00
13146,https://login.fieldedge.com/#/DispatchSummary/2d0fa006-c633-44fb-a2d5-247532db9001/f7d5fea1-e13d-4d2d-a085-a0a792c483b2,2727,*2727 - Pierce- 10.1% Tax Code,*2727 - Pierce- 10.1% Tax Code,skipped,0.00%,$0.00
13134,https://login.fieldedge.com/#/DispatchSummary/fc8d4b9f-9345-47a1-a300-9df20e2e5148/9849b2c6-54dd-43f2-8f41-e91867ede66b,2720,*2720 - Edgewood - 10.1% Tax Code,*2720 - Edgewood - 10.1% Tax Code,skipped,0.00%,$0.00
13147,https://login.fieldedge.com/#/DispatchSummary/26e293b0-97ef-4001-85df-04d74adf7e2f/ff6f94f5-cf8f-40cc-a2a0-693fb9d848ee,2700,*2700-Pierce- 9.5% Tax Code,*2700-Pierce- 9.5% Tax Code,skipped,0.00%,$0.00
13155,https://login.fieldedge.com/#/DispatchSummary/53d48698-15d9-4953-bc48-b7c32c17371f/165d995c-7d06-430d-9f01-f1c25f0b3463,2700,*ORTING - 2710 -9.5.% Tax Code972-inactive,*2700-Pierce- 9.5% Tax Code,new update,0.00%,$0.00
13163,https://login.fieldedge.com/#/DispatchSummary/25880f4a-2248-45f1-9eb9-50dc5032c505/bb7ca0dd-ce5b-4336-bbe3-758599516eb9,2700,*2700-Pierce- 9.5% Tax Code,*2700-Pierce- 9.5% Tax Code,skipped,0.00%,$0.00
13191,https://login.fieldedge.com/#/DispatchSummary/d5bb4655-b0f0-4539-8188-349354d7ae1d/0698deb5-1dcd-496d-9d61-112506a9901a,2700,PIERCE - 2700 Tax Code842-inactive,PIERCE - 2700 Tax Code842-inactive,skipped,+9.50%,$0.00
13200,https://login.fieldedge.com/#/DispatchSummary/8ab66f17-942e-4439-9293-6997808f6fa6/e552fd3e-905f-4c5d-b65a-73f92404c00a,2700,*2700-Pierce- 9.5% Tax Code,*2700-Pierce- 9.5% Tax Code,skipped,0.00%,$0.00
13181,https://login.fieldedge.com/#/DispatchSummary/65276cce-ec53-4b13-94bf-bbb7a7aed3af/4211ee7a-e0da-4ffd-b8ce-2a08a1a8e805,2700,*2727 - Pierce- 10.1% Tax Code,*2700-Pierce- 9.5% Tax Code,new update,-0.60%,-$2.48
13205,https://login.fieldedge.com/#/DispatchSummary/76c0b2e4-a01d-4f3e-a324-ca2813766e89/e90a0be7-fd22-40e9-aae7-ffdddbb02d0c,2700,PIERCE - 2700 Tax Code842-inactive,PIERCE - 2700 Tax Code842-inactive,skipped,+9.50%,$0.00
13224,https://login.fieldedge.com/#/DispatchSummary/b74984cf-82f4-4c68-844f-e41d057f1040/c4ca108d-900d-4be6-9ace-3db00cd2cdc2,2700,*2700-Pierce- 9.5% Tax Code,*2700-Pierce- 9.5% Tax Code,skipped,0.00%,$0.00
13227,https://login.fieldedge.com/#/DispatchSummary/3d7fe147-0df8-498f-b322-6671764d865f/e76b7414-85de-40b4-98ec-8d3b816f0826,4100,*2700-Pierce- 9.5% Tax Code,*4100 - Pierce- 8.1% Tax Code,new update,-1.40%,-$12.09
13172,https://login.fieldedge.com/#/DispatchSummary/3b09a526-35b3-4356-af25-694382d69541/7d4468d4-562b-4714-9716-776ca7cd1d62,2727,*2727 - Pierce- 10.1% Tax Code,*2727 - Pierce- 10.1% Tax Code,skipped,0.00%,$0.00
13210,https://login.fieldedge.com/#/DispatchSummary/04f91b0b-f710-4b7d-a6ea-1329a9ae0add/da0273ac-e30b-441b-aa81-ea6a62b6449f,2727,*2727 - Pierce- 10.1% Tax Code,*2727 - Pierce- 10.1% Tax Code,skipped,0.00%,$0.00
13214,https://login.fieldedge.com/#/DispatchSummary/54111f27-885a-4477-8619-fe7bbf4a7a06/bd866c51-5ee4-4a5b-af82-22294063d10c,2700,*2700-Pierce- 9.5% Tax Code,*2700-Pierce- 9.5% Tax Code,skipped,0.00%,$0.00
13229,https://login.fieldedge.com/#/DispatchSummary/7c6bb21a-25c8-4d5d-9dfd-2b2ee6c999bf/4274befe-4c1e-4545-95a1-59cd91e76fe7,2727,*2727 - Pierce- 10.1% Tax Code,*2727 - Pierce- 10.1% Tax Code,skipped,0.00%,$0.00
13241,https://login.fieldedge.com/#/DispatchSummary/00174a98-90dd-4a8a-88b7-e14a2655413a/20c03708-bac3-4353-a3e3-e934216261bc,4000,*KING - 4000 - 8.8.% Tax Code1013-inactive,*KING - 4000 - 8.8.% Tax Code1013-inactive,skipped,+0.10%,$0.00
13161,https://login.fieldedge.com/#/DispatchSummary/86e34879-59f5-4276-b8b2-117310c1e3f1/40cd177b-d74c-49fc-9c12-09bc075f618e,2700,*2700-Pierce- 9.5% Tax Code,*2700-Pierce- 9.5% Tax Code,skipped,0.00%,$0.00
13239,https://login.fieldedge.com/#/DispatchSummary/e2b659b4-7ed2-4f63-9610-c37603504c6e/8816fc78-9ac4-47a0-9a27-0b9446093be8,2700,*2700-Pierce- 9.5% Tax Code,*2700-Pierce- 9.5% Tax Code,skipped,0.00%,$0.00
13257,https://login.fieldedge.com/#/DispatchSummary/74bef7cb-2b7a-447a-a03b-0b308670a406/38d6a724-65f5-4636-8a78-b1d811a6b495,2727,*2727 - Pierce- 10.1% Tax Code,*2727 - Pierce- 10.1% Tax Code,skipped,0.00%,$0.00
13246,https://login.fieldedge.com/#/DispatchSummary/357bd0e0-e85a-4423-af4e-d30369d71383/c09203d4-6dde-4806-a0ce-bad8c17be987,3406,*3406 - Tumwater - 9.7% Tax Code,*3406 - Tumwater - 9.7% Tax Code,skipped,0.00%,$0.00
13254,https://login.fieldedge.com/#/DispatchSummary/00231512-21d9-4ac3-8898-426d9d191256/f431d80d-373a-41d8-9084-1e8db14dddc6,3400,*THURSTON - 3411 - 9.7% Tax Code1034-inactive,*3400 - Thurston - 8.3% Tax Code,new update,-1.40%,-$24.62
13211,https://login.fieldedge.com/#/WorkOrder/13211,2700,*2700-Pierce- 9.5% Tax Code,*2700-Pierce- 9.5% Tax Code,skipped,,
12865,https://login.fieldedge.com/#/WorkOrder/12865,2719,*2719-University Place-10.1% Tax Cod,*2719-University Place-10.1% Tax Cod,skipped,,
13264,https://login.fieldedge.com/#/WorkOrder/13264,4100,*4100 - Pierce- 8.1% Tax Code,*4100 - Pierce- 8.1% Tax Code,skipped,,
13154,https://login.fieldedge.com/#/WorkOrder/13154,2700,*2700-Pierce- 9.5% Tax Code,*2700-Pierce- 9.5% Tax Code,skipped,,
13268,https://login.fieldedge.com/#/WorkOrder/13268,2727,*2727 - Pierce- 10.1% Tax Code,*2727 - Pierce- 10.1% Tax Code,skipped,,
13270,https://login.fieldedge.com/#/WorkOrder/13270,2700,*2700-Pierce- 9.5% Tax Code,*2700-Pierce- 9.5% Tax Code,skipped,,
